"1";2,08250032563539;1,19032887111054;3,22009461601001;8;"Cori"
"2";1,99728927672776;1,20249861639434;2,99044244890819;9;"Cori"
"3";2,13851058352629;1,37018408230445;3,07511521278234;10;"Cori"
"4";2,19229339582896;1,46821329391219;3,05921661345452;11;"Cori"
"5";2,27321306785498;1,59213048592722;3,07366994758889;12;"Cori"
"6";2,1409114292362;1,53635500463615;2,84420850781036;13;"Cori"
"7";2,24168399836738;1,67419683147065;2,89071968794527;14;"Cori"
"8";2,10922640564298;1,60564086610804;2,68044959416415;15;"Cori"
"9";1,9521693688534;1,50980764844664;2,45050011144757;16;"Cori"
"10";2,09084588976152;1,66774056666081;2,56106189201686;17;"Cori"
"11";2,23460375090819;1,82951045638863;2,67960404613133;18;"Cori"
"12";2,03393602229076;1,68068069015228;2,42038533269476;19;"Cori"
"13";2,07881478882613;1,75206690015172;2,43308663670046;20;"Cori"
"14";1,9542036996456;1,66313119950602;2,26840240183282;21;"Cori"
"15";1,92429654875848;1,65836540593214;2,20971326401413;22;"Cori"
"16";1,88535436512241;1,64174763157768;2,14556687321312;23;"Cori"
"17";1,86992704237003;1,6448603548952;2,10921537442098;24;"Cori"
"18";1,63387311199076;1,43872892811825;1,84124723509146;25;"Cori"
"19";1,53602039102914;1,35920015676189;1,72349602872534;26;"Cori"
"20";1,36899413630129;1,21112076188115;1,53639915498763;27;"Cori"
"21";1,37344736648666;1,22216566474876;1,53342840951766;28;"Cori"
"22";1,2760699163965;1,1355140908152;1,42470829977177;29;"Cori"
"23";1,21395610703594;1,08131401194173;1,35416089841434;30;"Cori"
"24";1,11398314016354;0,990272514112288;1,2448696441665;31;"Cori"
"25";0,987996932353747;0,873856892393742;1,10904129406654;32;"Cori"
"26";1,05186997627579;0,935057173103119;1,17545854678162;33;"Cori"
"27";1,14986430103458;1,02787059766926;1,27860013847766;34;"Cori"
"28";1,17137693391179;1,04910728958374;1,30028869810683;35;"Cori"
"29";1,2745687448741;1,14865211626786;1,40693980788068;36;"Cori"
"30";1,25554057157605;1,13293197291747;1,38435786732571;37;"Cori"
"31";1,21899534085063;1,10114839490096;1,34274695440701;38;"Cori"
"32";1,25093339953109;1,13427946025174;1,37321500022801;39;"Cori"
"33";1,14680033478474;1,03768610617712;1,26129081007121;40;"Cori"
"34";1,08753753982116;0,983558882132615;1,19666559281252;41;"Cori"
"35";1,04632081197565;0,945791648003812;1,15185424734346;42;"Cori"
"36";1,0619810879124;0,961541218603507;1,16733871532599;43;"Cori"
"37";1,04177888006086;0,942895423090139;1,14552218449236;44;"Cori"
"38";1,01475850671709;0,917738198412305;1,11658360795697;45;"Cori"
"39";1,0273133635887;0,93003626350739;1,12935934235987;46;"Cori"
"40";1,00275388000521;0,906881325157987;1,10337438692813;47;"Cori"
"41";1,02389754698797;0,92717476353798;1,12535017120747;48;"Cori"
"42";1,02421231342165;0,927574644283909;1,12556976772732;49;"Cori"
"43";0,913234178298093;0,822301115239727;1,00886725915924;50;"Cori"
"44";0,91722684267035;0,826016802798938;1,01314465848116;51;"Cori"
"45";0,921298224581919;0,829195921895895;1,01818101090141;52;"Cori"
"46";0,899043819065198;0,807312004857701;0,995640529789593;53;"Cori"
"47";0,921278850991129;0,82753855989461;1,01997603729324;54;"Cori"
"48";0,889538814732862;0,796552302634064;0,987584469141475;55;"Cori"
"49";0,847585125891111;0,755992344033841;0,944339367136492;56;"Cori"
"50";0,884036950745293;0,789242235784671;0,984129940812467;57;"Cori"
"51";0,914266920891343;0,816381015093931;1,01761499686414;58;"Cori"
"52";0,890346239942388;0,792593698452837;0,993700724178554;59;"Cori"
"53";0,861707193198395;0,76455830115377;0,964582136761992;60;"Cori"
"54";0,809748108199223;0,714481213597053;0,910890433711116;61;"Cori"
"55";0,801726795491122;0,705416944991186;0,904109759507925;62;"Cori"
"56";0,765536352314346;0,669588811850439;0,867814477905092;63;"Cori"
"57";0,697041549506883;0,603554944303674;0,797160978727011;64;"Cori"
"58";0,611582408921189;0,521824043049134;0,708359067075811;65;"Cori"
"59";0,638005161337328;0,542976297434302;0,74058422907591;66;"Cori"
"60";0,687463106373135;0,584448147186311;0,798716492481925;67;"Cori"
"61";0,767189012427527;0,653597475972209;0,889747488558799;68;"Cori"
"62";0,753698241699284;0,637164356516839;0,879874287216821;69;"Cori"
"63";0,767874176214918;0,646774016430582;0,89921271770612;70;"Cori"
"64";0,825044767769576;0,695795896873612;0,965141589100144;71;"Cori"
"65";0,947642247690782;0,805207068891569;1,10150609092199;72;"Cori"
"66";1,02016789986993;0,869565092233418;1,18262135626616;73;"Cori"
"67";1,09752141593737;0,940065258711031;1,26699014788742;74;"Cori"
"68";1,09949142828151;0,942188842078328;1,26875901836008;75;"Cori"
"69";1,12539544137327;0,967410595149958;1,29515373890248;76;"Cori"
"70";1,17610981079915;1,01602770538126;1,34773119194039;77;"Cori"
"71";1,16905133588414;1,01149431423101;1,33784557127937;78;"Cori"
"72";1,10833481081865;0,957477664322065;1,27006626586905;79;"Cori"
"73";1,04230485375501;0,898261919670164;1,19690224564126;80;"Cori"
"74";0,956864640800355;0,820343900391579;1,10373879881615;81;"Cori"
"75";0,908256961114874;0,775726054922932;1,05108591623555;82;"Cori"
"76";0,818235795175491;0,692130579914071;0,954738588552604;83;"Cori"
"77";0,781547246395919;0,657025919599078;0,916714053556279;84;"Cori"
"78";0,80142325006692;0,672847668104883;0,941074320729448;85;"Cori"
"79";0,790782216981387;0,660216279901914;0,932953938321353;86;"Cori"
"80";0,71944352695099;0,592387574522176;0,858659911641441;87;"Cori"
"81";0,771740203431027;0,636590501174524;0,919705581868256;88;"Cori"
"82";0,927223285280888;0,774129583216194;1,09392522635145;89;"Cori"
"83";0,955815700228352;0,796820483769151;1,12905957305143;90;"Cori"
"84";0,976919395949004;0,814413684037184;1,15398836389937;91;"Cori"
"85";0,903228748834911;0,746355391870937;1,07484286220864;92;"Cori"
"86";0,906239754680121;0,748193860342693;1,07920407208991;93;"Cori"
"87";0,956972217523021;0,792772135366866;1,13639666534919;94;"Cori"
"88";0,901315050022639;0,74077135557805;1,07737007879695;95;"Cori"
"89";0,70738216121801;0,565031745870908;0,865483869918111;96;"Cori"
"90";0,730923713893273;0,583835902008678;0,894287019375804;97;"Cori"
"91";0,693316415999749;0,546254479061005;0,857642892535705;98;"Cori"
"92";0,720469333671239;0,56572338862428;0,893640370886772;99;"Cori"
"93";0,657778150247671;0,505454791311833;0,829857110306192;100;"Cori"
"94";0,605739646043038;0,45505026511977;0,777649734622997;101;"Cori"
"95";0,658725047733789;0,494854529615842;0,845672496271288;102;"Cori"
"96";0,721638148377694;0,542116787112987;0,926440457126481;103;"Cori"
"97";0,653026466942434;0,476321986029806;0,857176272643885;104;"Cori"
"98";0,594977602866607;0,421041563057815;0,798516718658399;105;"Cori"
"99";0,478373319150912;0,317875596489625;0,671150632943953;106;"Cori"
"100";0,474810999823283;0,307272644159626;0,678221885691079;107;"Cori"
"101";0,626250688817819;0,419409914928979;0,87389603739347;108;"Cori"
"102";0,760096135943705;0,516448446940114;1,05008177100563;109;"Cori"
"103";0,89130139384025;0,613530868115315;1,22012279104112;110;"Cori"
"104";1,1498805706938;0,821491538154123;1,53262647894437;111;"Cori"
"105";1,26399431061528;0,914758950004223;1,66881931766065;112;"Cori"
"106";1,29280923913836;0,942983930233798;1,69696859306912;113;"Cori"
"107";1,34598252284245;0,995765280137812;1,74815760074953;114;"Cori"
"108";1,14472056224944;0,831755712945278;1,50688719676803;115;"Cori"
"109";0,964396957918053;0,685780512803188;1,28976888607483;116;"Cori"
"110";1,0182372405824;0,733855840136366;1,34846441635928;117;"Cori"
"111";0,874796317257153;0,612696585892946;1,18283463553725;118;"Cori"
"112";0,882309636968041;0,617958822649974;1,19299358866335;119;"Cori"
"113";0,930826384496822;0,655387676554787;1,25382752962492;120;"Cori"
"114";0,775028617887313;0,522908553921769;1,07596803055471;121;"Cori"
"115";0,851817337518438;0,582642428285783;1,17130275654987;122;"Cori"
"116";0,974906022525327;0,679057765315742;1,32340963638229;123;"Cori"
"117";1,20862126949344;0,871067902234145;1,60059238634281;124;"Cori"
"118";1,26820377783681;0,92147880642743;1,66943802595791;125;"Cori"
"119";1,28164311679354;0,938323841993181;1,67765803729775;126;"Cori"
"120";1,14327788981655;0,827395877709727;1,50944051880379;127;"Cori"
"121";1,12078396173948;0,814363342370994;1,47537753577991;128;"Cori"
"122";1,04155565564696;0,750661702656251;1,37934528744437;129;"Cori"
"123";1,16976039992291;0,862488976639867;1,52312640635482;130;"Cori"
"124";1,05696045921133;0,767989087728751;1,39136155669802;131;"Cori"
"125";1,0342946212978;0,751520055202397;1,36152470211335;132;"Cori"
"126";1,02465046698607;0,744512597915578;1,34882933074041;133;"Cori"
"127";1,15981361534376;0,860836020424736;1,50266840516371;134;"Cori"
"128";1,37860958761552;1,05202435072202;1,74866749284417;135;"Cori"
"129";1,41641589673278;1,09081283399767;1,78389542455062;136;"Cori"
"130";1,20051303263806;0,911599877817101;1,52858657243155;137;"Cori"
"131";1,02962815730075;0,771262144308102;1,32474448749434;138;"Cori"
"132";1,18544616640194;0,910929383143076;1,49556644547019;139;"Cori"
"133";1,27608330637985;0,992868980793032;1,59429415585216;140;"Cori"
"134";1,28351201967856;1,00426910692705;1,59648999219976;141;"Cori"
"135";1,28886225965766;1,01547686739172;1,59434210837047;142;"Cori"
"136";1,19033894803308;0,934672097508067;1,47644721195955;143;"Cori"
"137";1,19508757138712;0,944667132188554;1,47450499803472;144;"Cori"
"138";1,10600801770756;0,869945466673012;1,36997856053229;145;"Cori"
"139";0,970899332680805;0,753941321869962;1,21487536421791;146;"Cori"
"140";0,971077816175279;0,75555650387113;1,21323089132637;147;"Cori"
"141";0,974826140127601;0,758472923640606;1,21791391706736;148;"Cori"
"142";0,953453162157177;0,738913104568565;1,19492132940894;149;"Cori"
"143";0,961816086800902;0,745394256298962;1,20540221869606;150;"Cori"
"144";0,929067769741243;0,715495391731354;1,17010812104118;151;"Cori"
"145";1,02910087565949;0,802234618912198;1,28378740742038;152;"Cori"
"146";1,01084107442948;0,784957647206835;1,26485401434266;153;"Cori"
"147";1,11521543329494;0,877187683114276;1,38138350674485;154;"Cori"
"148";1,16810977426787;0,92480350862299;1,43940001712982;155;"Cori"
"149";1,23035307927516;0,982762340547972;1,50534011570664;156;"Cori"
"150";1,56807999832694;1,29115221983075;1,87151233192184;157;"Cori"
"151";1,67445778726803;1,39592001238646;1,97795725047602;158;"Cori"
"152";1,55805459258283;1,30268611300694;1,83594068782661;159;"Cori"
"153";1,54210911916761;1,30132581047774;1,80302880221326;160;"Cori"
"154";1,57610530318751;1,34411377489819;1,82629386656963;161;"Cori"
"155";1,55544939729324;1,33592317044784;1,79142987579137;162;"Cori"
"156";1,37971031583922;1,18339832755169;1,59086618758905;163;"Cori"
"157";1,2793722941033;1,09880983225543;1,473468538356;164;"Cori"
"158";1,18707908947013;1,01909047960827;1,36769568113513;165;"Cori"
"159";1,15932631274517;0,997436064263224;1,33321248540368;166;"Cori"
"160";1,15903956267855;1,00008654051212;1,32954386404993;167;"Cori"
"161";1,11000893517037;0,957002741190221;1,27419539914655;168;"Cori"
"162";1,11263610028107;0,961569913823081;1,27456254720351;169;"Cori"
"163";1,15428105691017;1,00202811314907;1,31714466523775;170;"Cori"
"164";1,03853369999225;0,896107094765803;1,19131059274869;171;"Cori"
"165";1,06809572801017;0,925189233543879;1,22111507920897;172;"Cori"
"166";1,07125055228897;0,928946716124651;1,22354727621595;173;"Cori"
"167";1,25500865057504;1,10154928848626;1,41832967222654;174;"Cori"
"168";1,45383935022555;1,29021164841702;1,6270940562809;175;"Cori"
"169";1,77774512775934;1,6011969888365;1,96339309916243;176;"Cori"
"170";2,1347383502334;1,94988363163286;2,32784460681365;177;"Cori"
"171";2,76327013172111;2,56734712833041;2,96629485553743;178;"Cori"
"172";2,63291041510886;2,46074264165864;2,8108171124414;179;"Cori"
"173";2,26150069633745;2,12097557791522;2,4064694396892;180;"Cori"
"174";2,33096640805766;2,2035720242446;2,46189021595057;181;"Cori"
"175";2,20690373138687;2,09498847988925;2,321690098423;182;"Cori"
"176";2,19711449148422;2,09622030196073;2,3003467926663;183;"Cori"
"177";2,16306149104903;2,0721880473711;2,25585767608352;184;"Cori"
"178";1,95028912711307;1,8718951046539;2,0302686989891;185;"Cori"
"179";1,90143154810551;1,83063902123135;1,97354826532512;186;"Cori"
"180";1,74564775232519;1,68301668792553;1,80940700153377;187;"Cori"
"181";1,53579281683505;1,48121437176143;1,59134488685887;188;"Cori"
"182";1,43471004962038;1,38508743478995;1,48519379175148;189;"Cori"
"183";1,39712829939921;1,35045468324644;1,44458375665462;190;"Cori"
"184";1,43964548593163;1,39415484717606;1,48585624011581;191;"Cori"
"185";1,33581551292758;1,29369392563202;1,37860246844204;192;"Cori"
"186";1,32844222982962;1,28801848935681;1,36948183707747;193;"Cori"
"187";1,36408016778465;1,32444313514603;1,40429345904208;194;"Cori"
"188";1,32468762649764;1,28689165608162;1,36302300464669;195;"Cori"
"189";1,30152331210133;1,26529683148023;1,33825397411512;196;"Cori"
"190";1,28587245050785;1,25096694745475;1,3212515685112;197;"Cori"
"191";1,18833866758322;1,15575506309524;1,2213689079463;198;"Cori"
"192";1,26015938913773;1,22744341793634;1,29329965767864;199;"Cori"
"193";1,21314331546117;1,18174208925314;1,24495055497698;200;"Cori"
"194";1,13505132357345;1,1053968893812;1,1650928156533;201;"Cori"
"195";1,16340574023372;1,13396133277781;1,19322228878663;202;"Cori"
"196";1,1383570412011;1,10968099271133;1,16739380740583;203;"Cori"
"197";1,10213923248428;1,07436399252691;1,13026400595851;204;"Cori"
"198";1,09642533564306;1,06909033847753;1,1241005917363;205;"Cori"
"199";1,05009107318187;1,02363191113176;1,07688315067245;206;"Cori"
"200";1,00279466862714;0,977168858737421;1,02874754055551;207;"Cori"
"201";1,0330637187858;1,00717102396813;1,05928045986561;208;"Cori"
"202";1,02018459458863;0,994506729013414;1,0461851920394;209;"Cori"
"203";1,03110753736895;1,00536533177443;1,05717062517123;210;"Cori"
"204";1,09297981267299;1,06654038390453;1,1197384543822;211;"Cori"
"205";1,108239945451;1,08174418607876;1,13505182027509;212;"Cori"
"206";1,07484102454592;1,04898655635785;1,1010058670261;213;"Cori"
"207";1,08651410390585;1,06077173186308;1,11256080363957;214;"Cori"
"208";1,0631105300936;1,03786133941592;1,08865895331404;215;"Cori"
"209";1,03416612546033;1,00946718472358;1,05915943220862;216;"Cori"
"210";1,03379813661147;1,00925237392101;1,05863470847612;217;"Cori"
"211";1,00396306870517;0,979873664712085;1,02834092900096;218;"Cori"
"212";1,04205706586071;1,0175811221789;1,06681983811033;219;"Cori"
"213";1,07004676320462;1,04529133245333;1,09508788463015;220;"Cori"
"214";1,09968819694003;1,07470828103608;1,12495110774547;221;"Cori"
"215";1,11346597286655;1,08851943842393;1,13869121041442;222;"Cori"
"216";1,10576677168189;1,0811570932353;1,13064954541681;223;"Cori"
"217";1,08419831965219;1,06009988715826;1,10856382419412;224;"Cori"
"218";1,077803229231;1,05402158934203;1,10184648754436;225;"Cori"
"219";1,11553162713466;1,09154649426446;1,13977380168337;226;"Cori"
"220";1,14886491966486;1,12474547242652;1,17323668961977;227;"Cori"
"221";1,16064180196033;1,13669400855676;1,18483577080784;228;"Cori"
"222";1,12095111080052;1,09776667272947;1,14437445606136;229;"Cori"
"223";1,15032444200586;1,12718374997033;1,17369699717009;230;"Cori"
"224";1,24847290840355;1,22468552145911;1,2724859176862;231;"Cori"
"225";1,29359850445586;1,26980566360044;1,31760912487003;232;"Cori"
"226";1,23426817203242;1,2115956437591;1,25714795733563;233;"Cori"
"227";1,34420931702119;1,32116155164278;1,3674536190994;234;"Cori"
"228";1,3566830198305;1,33413606090277;1,37941628869199;235;"Cori"
"229";1,37182282726026;1,34987594322023;1,39394423376504;236;"Cori"
"230";1,35424454296889;1,33317703257683;1,37547492185762;237;"Cori"
"231";1,2751730157631;1,25543396598709;1,29506390140718;238;"Cori"
"232";1,28717003456487;1,26796414196091;1,30651829206224;239;"Cori"
"233";1,36511726492476;1,34588383811194;1,38448525696561;240;"Cori"
"234";1,33344044089978;1,31499725840082;1,35201028112133;241;"Cori"
"235";1,32567479653352;1,30789241606271;1,3435755863333;242;"Cori"
"236";1,35464912624348;1,33724283492126;1,37216641336246;243;"Cori"
"237";1,37535745896995;1,35837741238572;1,39244151530483;244;"Cori"
"238";1,37271290024842;1,35632346573706;1,3891994018821;245;"Cori"
"239";1,34610369109858;1,33044299854061;1,36185474887169;246;"Cori"
"240";1,3174672024718;1,30250728951509;1,3325113549415;247;"Cori"
"241";1,26670126661397;1,25250716244895;1,28097423989506;248;"Cori"
"242";1,25525167306067;1,24153672799977;1,26904091355303;249;"Cori"
"243";1,19591104926018;1,18287509529025;1,20901745404078;250;"Cori"
"244";1,12822351608678;1,11586099594725;1,14065319928253;251;"Cori"
"245";1,08711234935115;1,0752004918794;1,09908892050097;252;"Cori"
"246";1,0733528160074;1,06166909529084;1,08509959118087;253;"Cori"
"247";1,03750434189546;1,02612535280708;1,04894520826257;254;"Cori"
"248";1,00894865747077;0,99780614879375;1,02015217981061;255;"Cori"
"249";1,04369507081466;1,03240449947929;1,05504619569846;256;"Cori"
"250";1,07230612280863;1,06089023580896;1,08378225810912;257;"Cori"
"251";1,0743250912748;1,06295561393644;1,08575421386665;258;"Cori"
"252";1,07711094733799;1,06580740476558;1,08847329029581;259;"Cori"
"253";1,03944392471031;1,0284250552031;1,05052069807212;260;"Cori"
"254";1,01181198911831;1,00101534829228;1,02266574190187;261;"Cori"
"255";1,0066956715897;0,99596812078308;1,01747989189964;262;"Cori"
"256";0,90942206422889;0,899243978285117;0,919656634631263;263;"Cori"
"257";0,874507158567238;0,864508698125556;0,884562310428682;264;"Cori"
"258";0,875741529124408;0,865644529831675;0,885896264058292;265;"Cori"
"259";0,956060390419374;0,945374477948471;0,966805526780447;266;"Cori"
"260";1,04015856358667;1,02888712526806;1,05149055613649;267;"Cori"
"261";1,10832107203004;1,09664291165615;1,12006022876472;268;"Cori"
"262";1,17767635391515;1,16569236662573;1,18972078050171;269;"Cori"
"263";1,22057768448577;1,20851971898671;1,23269467840559;270;"Cori"
"264";1,17778185942602;1,16614844710683;1,18947221307052;271;"Cori"
"265";1,1411527092576;1,12992985049738;1,15243026107406;272;"Cori"
"266";1,11027192737235;1,09939128663962;1,12120540545822;273;"Cori"
"267";1,07447518666437;1,06392045929376;1,08508129048879;274;"Cori"
"268";1,03163414879732;1,0214038436189;1,0419147273607;275;"Cori"
"269";1,01385717507594;1,0037877703419;1,0239761386066;276;"Cori"
"270";0,961760602055515;0,951989200070091;0,97158120640743;277;"Cori"
"271";0,916258642604608;0,906726203279707;0,925840238535483;278;"Cori"
"272";0,900194877851117;0,890704888555338;0,909734459727527;279;"Cori"
"273";0,882955984228859;0,873477239951009;0,892485174431611;280;"Cori"
"274";0,901513419772142;0,891831087310121;0,911247305046629;281;"Cori"
"275";0,909858287692971;0,900015396710981;0,919753968840329;282;"Cori"
"276";0,857183600760982;0,847527600223828;0,866893539779977;283;"Cori"
"277";0,865612835839598;0,855796796206121;0,875484075995418;284;"Cori"
"278";0,881556291398994;0,871504128030151;0,891665297751693;285;"Cori"
"279";0,894410165015953;0,884138479262924;0,904740352969486;286;"Cori"
"280";0,840941493696752;0,830852750545853;0,85109027740621;287;"Cori"
"281";0,806857047896071;0,796841903484493;0,816933872275999;288;"Cori"
"282";0,802227709846431;0,79206261295048;0,812456722458762;289;"Cori"
"283";0,794904173928807;0,784571468828104;0,805303539211819;290;"Cori"
"284";0,78220740578934;0,771727802970485;0,792756704519641;291;"Cori"
"285";0,794443401166637;0,783632588286351;0,805327250375734;292;"Cori"
"286";0,796915176594843;0,785823882851893;0,808083119009748;293;"Cori"
"287";0,848309229715164;0,836593580637919;0,860105214311388;294;"Cori"
"288";0,805366115496119;0,793702758282317;0,817113366234062;295;"Cori"
"289";0,706058502799651;0,6949282765557;0,717275929754515;296;"Cori"
"290";0,631659559125784;0,620875870618265;0,642534803975353;297;"Cori"
"291";0,59693361144592;0,586089729841372;0,607875513837789;298;"Cori"
"292";0,631073394833084;0,619439426102236;0,642814099132534;299;"Cori"
"293";0,697050567896751;0,684244606241718;0,709973608694497;300;"Cori"
"294";0,738066891916573;0,724311747499249;0,751949624879221;301;"Cori"
"295";0,805102517382767;0,790202569479944;0,820139701006416;302;"Cori"
"296";0,871227150367686;0,855253672747307;0,887346368030025;303;"Cori"
"297";0,95981851307069;0,942673662837797;0,977115728919783;304;"Cori"
"298";1,00691705634794;0,989114128573156;1,02487657205819;305;"Cori"
"299";1,01457703774156;0,996615172034972;1,03269709818635;306;"Cori"
"300";1,02167423151118;1,00364278111739;1,03986399291698;307;"Cori"
"301";1,02732597865231;1,0092667031893;1,04554317493718;308;"Cori"
"302";1,03469742460528;1,01661201352172;1,05294007773537;309;"Cori"
"303";1,13658213481686;1,11767805351393;1,15564254947596;310;"Cori"
"304";1,16067665399646;1,14169238835616;1,17981528778334;311;"Cori"
"305";1,17499857149199;1,15614751248898;1,19399996116462;312;"Cori"
"306";1,12431394231263;1,10616953694143;1,14260390427533;313;"Cori"
"307";1,03766714806135;1,02051398202352;1,05496129156772;314;"Cori"
"308";0,932158150513601;0,916079343132141;0,948374898895597;315;"Cori"
"309";0,826805627989899;0,811701593945254;0,842046964821497;316;"Cori"
"310";0,746443302862081;0,731976667931021;0,761049535176958;317;"Cori"
"311";0,734397582012078;0,719773366957952;0,74916683076407;318;"Cori"
"312";0,731106625320598;0,71611888025963;0,74624743498964;319;"Cori"
"313";0,765449935849684;0,749650948007015;0,78141138695657;320;"Cori"
"314";0,777612012641355;0,761208956440668;0,794187493354561;321;"Cori"
"315";0,771580572309591;0,754792564941562;0,788550664706012;322;"Cori"
"316";0,792451743104968;0,774989709443436;0,810105614747738;323;"Cori"
"317";0,824049176290175;0,805781431170895;0,842518834057531;324;"Cori"
"318";0,865005928790208;0,845849945627379;0,88437342229372;325;"Cori"
"319";0,895748777755347;0,875872391676925;0,91584507134609;326;"Cori"
"320";0,909732575178942;0,889395939841221;0,930295900265029;327;"Cori"
"321";0,935562694228304;0,914690913998762;0,956666653839316;328;"Cori"
"322";0,973703574520348;0,952202439095202;0,995441423932474;329;"Cori"
"323";1,00488593947865;0,982898750538131;1,02711296010618;330;"Cori"
"324";1,01414080481144;0,99199132311587;1,0365314458781;331;"Cori"
"325";1,02024936321069;0,998034313053083;1,04270554213065;332;"Cori"
"326";1,05297117003328;1,03043047337997;1,0757523576665;333;"Cori"
"327";1,06200867321603;1,03943501231652;1,0848214583377;334;"Cori"
"328";1,05603992263957;1,03364733930293;1,07866913309015;335;"Cori"
"329";1,05359614364772;1,03136367228434;1,07606239931012;336;"Cori"
"330";1,05610090297891;1,03396975929478;1,07846313844249;337;"Cori"
"331";1,06682106227583;1,04470289517106;1,08916770524082;338;"Cori"
"332";1,06146219260366;1,03953390973153;1,08361617059816;339;"Cori"
"333";1,0517882826772;1,03010459715542;1,07369468144683;340;"Cori"
"334";1,09704747040497;1,07503555429995;1,11927936403274;341;"Cori"
"335";1,10865066085421;1,08667168520713;1,13084663462731;342;"Cori"
"336";1,11474306675623;1,0929164939185;1,13678244308539;343;"Cori"
"337";1,12149959600336;1,0998468941368;1,14336043427769;344;"Cori"
"338";1,14453603856671;1,12291700480686;1,16635834316218;345;"Cori"
"339";1,15047016230184;1,12907286018647;1,17206553114013;346;"Cori"
"340";1,13518504327703;1,11423718274604;1,15632527935559;347;"Cori"
"341";1,07683757165477;1,0567350446691;1,0971268806489;348;"Cori"
"342";1,07661697048002;1,05676225406699;1,09665390890485;349;"Cori"
"343";1,14426919755353;1,12397550156998;1,16474194384235;350;"Cori"
"344";1,23554894483513;1,21466698728989;1,25660640440593;351;"Cori"
"345";1,2869905459606;1,2660222097784;1,3081287143649;352;"Cori"
"346";1,33044642083848;1,30962298064472;1,35143183152278;353;"Cori"
"347";1,36045137988466;1,33998529538849;1,38107042615974;354;"Cori"
"348";1,33856637684119;1,31890950055301;1,35836663945878;355;"Cori"
"349";1,34344705764777;1,3244060513475;1,36262208311836;356;"Cori"
"350";1,18545108106164;0,236811649482083;3,51907599206685;7;"Wallinga-Lipsitch Exp/Poi"
"351";1,0899279213356;0,204796485155354;3,29731541144677;8;"Wallinga-Lipsitch Exp/Poi"
"352";1,8293350492165;0,544296702507794;4,62739446340945;9;"Wallinga-Lipsitch Exp/Poi"
"353";2,7561487986;1,08313725276844;6,06018670548218;10;"Wallinga-Lipsitch Exp/Poi"
"354";2,94007954041707;1,28881059514281;6,00172622715215;11;"Wallinga-Lipsitch Exp/Poi"
"355";3,72176931482325;1,84820417954524;7,00198968529673;12;"Wallinga-Lipsitch Exp/Poi"
"356";2,22526398829612;1,08026337167205;4,14143694597921;13;"Wallinga-Lipsitch Exp/Poi"
"357";2,56483556728028;1,39087357595192;4,41549528845817;14;"Wallinga-Lipsitch Exp/Poi"
"358";1,69083788422591;0,895655013541255;2,91782974269162;15;"Wallinga-Lipsitch Exp/Poi"
"359";1,54615874054963;0,837406514745449;2,61750388192248;16;"Wallinga-Lipsitch Exp/Poi"
"360";2,3775488571975;1,47195262863401;3,67097132691238;17;"Wallinga-Lipsitch Exp/Poi"
"361";2,80531641294623;1,8623370198292;4,10044974810028;18;"Wallinga-Lipsitch Exp/Poi"
"362";2,45810170956356;1,64638751862702;3,55669794978878;19;"Wallinga-Lipsitch Exp/Poi"
"363";2,22786839719916;1,54418521573139;3,12582290813004;20;"Wallinga-Lipsitch Exp/Poi"
"364";2,15914242590058;1,52464973643311;2,98025176925681;21;"Wallinga-Lipsitch Exp/Poi"
"365";1,77426654197984;1,26759264638736;2,41891492957575;22;"Wallinga-Lipsitch Exp/Poi"
"366";1,49841534317511;1,08026257872624;2,02369882703314;23;"Wallinga-Lipsitch Exp/Poi"
"367";1,90596873230378;1,43436197550401;2,48634645197943;24;"Wallinga-Lipsitch Exp/Poi"
"368";1,62542375854061;1,21176187772255;2,1349365474224;25;"Wallinga-Lipsitch Exp/Poi"
"369";1,25041068404693;0,922159633771375;1,65422188875969;26;"Wallinga-Lipsitch Exp/Poi"
"370";1,01944517625659;0,735965084346827;1,37091466032457;27;"Wallinga-Lipsitch Exp/Poi"
"371";1,14274781045661;0,847743681857748;1,50335299794617;28;"Wallinga-Lipsitch Exp/Poi"
"372";0,935608945047678;0,680022197411996;1,25046916586068;29;"Wallinga-Lipsitch Exp/Poi"
"373";0,924315121930789;0,672796857212035;1,23379154955637;30;"Wallinga-Lipsitch Exp/Poi"
"374";1,30523437196921;0,977555479735304;1,70480047246591;31;"Wallinga-Lipsitch Exp/Poi"
"375";0,70164474393612;0,483365735589529;0,977627103763445;32;"Wallinga-Lipsitch Exp/Poi"
"376";1,04536019589983;0,766622795392606;1,38777575064263;33;"Wallinga-Lipsitch Exp/Poi"
"377";1,11839193063736;0,83791510287812;1,45887490315689;34;"Wallinga-Lipsitch Exp/Poi"
"378";1,69940752404962;1,3219824110924;2,1515153236379;35;"Wallinga-Lipsitch Exp/Poi"
"379";1,81547197930668;1,43824230744115;2,26247832660724;36;"Wallinga-Lipsitch Exp/Poi"
"380";1,6323942914461;1,28869576028954;2,03944203856557;37;"Wallinga-Lipsitch Exp/Poi"
"381";1,54615874054963;1,21949869894913;1,93270272114762;38;"Wallinga-Lipsitch Exp/Poi"
"382";0,740102104890749;0,554176925608057;0,963907224228917;39;"Wallinga-Lipsitch Exp/Poi"
"383";0,65385565678588;0,479872166464797;0,865424533778486;40;"Wallinga-Lipsitch Exp/Poi"
"384";0,680989476167658;0,501289066514266;0,899254280402919;41;"Wallinga-Lipsitch Exp/Poi"
"385";0,879441342956306;0,663932937651465;1,13837028116711;42;"Wallinga-Lipsitch Exp/Poi"
"386";1,51814559541182;1,20257227257223;1,89029006401256;43;"Wallinga-Lipsitch Exp/Poi"
"387";1,35809435232006;1,06679055499454;1,70260438348207;44;"Wallinga-Lipsitch Exp/Poi"
"388";1,26816182723527;0,989323602648171;1,59888594304265;45;"Wallinga-Lipsitch Exp/Poi"
"389";0,937104476023235;0,714798062125255;1,20282015095624;46;"Wallinga-Lipsitch Exp/Poi"
"390";0,633664875873323;0,46260480207992;0,842239839370525;47;"Wallinga-Lipsitch Exp/Poi"
"391";0,715715496401872;0,531836066964514;0,937966758588093;48;"Wallinga-Lipsitch Exp/Poi"
"392";0,848922743798373;0,64219825438291;1,09681193759612;49;"Wallinga-Lipsitch Exp/Poi"
"393";1,12646365667531;0,860741319783929;1,44502381841556;50;"Wallinga-Lipsitch Exp/Poi"
"394";1,09927343584886;0,838516646112434;1,41204635743903;51;"Wallinga-Lipsitch Exp/Poi"
"395";1,01445230080657;0,767053487137968;1,31231606850441;52;"Wallinga-Lipsitch Exp/Poi"
"396";0,763191998018029;0,556745667758274;1,01582343598803;53;"Wallinga-Lipsitch Exp/Poi"
"397";0,547531208934462;0,383567537220552;0,751970937444805;54;"Wallinga-Lipsitch Exp/Poi"
"398";0,701159632123231;0,502072439405104;0,947144086791419;55;"Wallinga-Lipsitch Exp/Poi"
"399";0,914017399203138;0,667022770987253;1,21736049011047;56;"Wallinga-Lipsitch Exp/Poi"
"400";1,02514240685693;0,759070435708252;1,34985272478604;57;"Wallinga-Lipsitch Exp/Poi"
"401";1,26130813434272;0,952510870043288;1,63544503296219;58;"Wallinga-Lipsitch Exp/Poi"
"402";1,10389126828409;0,817051684619918;1,4547030489843;59;"Wallinga-Lipsitch Exp/Poi"
"403";0,626232359044412;0,428878164926443;0,876087681336363;60;"Wallinga-Lipsitch Exp/Poi"
"404";0,359714754877642;0,219584881038216;0,547942098833259;61;"Wallinga-Lipsitch Exp/Poi"
"405";0,467708195393658;0,296725814094174;0,692906493480945;62;"Wallinga-Lipsitch Exp/Poi"
"406";0,417215510591919;0,253151075411259;0,638483799736343;63;"Wallinga-Lipsitch Exp/Poi"
"407";0,505284752278743;0,306509091680988;0,773980214463566;64;"Wallinga-Lipsitch Exp/Poi"
"408";0,841800019547876;0,533907857356549;1,25242993780262;65;"Wallinga-Lipsitch Exp/Poi"
"409";1,14691067280593;0,756793503963551;1,66044975714482;66;"Wallinga-Lipsitch Exp/Poi"
"410";0,777476511307029;0,481055078885028;1,17757246908234;67;"Wallinga-Lipsitch Exp/Poi"
"411";0,575371949865011;0,338085782905026;0,902584378083061;68;"Wallinga-Lipsitch Exp/Poi"
"412";0,947562078976142;0,596445665567768;1,41981828569074;69;"Wallinga-Lipsitch Exp/Poi"
"413";0,910109483773007;0,562978601926953;1,38115813302704;70;"Wallinga-Lipsitch Exp/Poi"
"414";1,01841885503272;0,644124202192471;1,52175483009527;71;"Wallinga-Lipsitch Exp/Poi"
"415";1,28492215201595;0,857101890538192;1,8468037502379;72;"Wallinga-Lipsitch Exp/Poi"
"416";1,75382793096442;1,22036990949573;2,44452481588796;73;"Wallinga-Lipsitch Exp/Poi"
"417";1,41557725235444;0,974634238453261;1,98527602538409;74;"Wallinga-Lipsitch Exp/Poi"
"418";1,15110896753998;0,773954688677792;1,64188489473224;75;"Wallinga-Lipsitch Exp/Poi"
"419";1,21859709418808;0,832021241484803;1,71784192282979;76;"Wallinga-Lipsitch Exp/Poi"
"420";1,02059262037843;0,690352448353463;1,44694022368355;77;"Wallinga-Lipsitch Exp/Poi"
"421";0,897030090550894;0,598661499173287;1,28383996623733;78;"Wallinga-Lipsitch Exp/Poi"
"422";5,26947524427293;0,674578283862197;1,42055430139393;79;"Wallinga-Lipsitch Exp/Poi"
"423";1,10193179427974;0,74794790665097;1,55913226480455;80;"Wallinga-Lipsitch Exp/Poi"
"424";0,772023891230514;0,489678717141326;1,14760316865336;81;"Wallinga-Lipsitch Exp/Poi"
"425";0,470963476894472;0,267293753294649;0,756204753250421;82;"Wallinga-Lipsitch Exp/Poi"
"426";0,372841680499824;0,191883622665519;0,639214026511898;83;"Wallinga-Lipsitch Exp/Poi"
"427";0,475871420661706;0,254716739569545;0,795522094996866;84;"Wallinga-Lipsitch Exp/Poi"
"428";0,786626731241383;0,469146515395507;1,22445567405686;85;"Wallinga-Lipsitch Exp/Poi"
"429";1,12803975034566;0,705291889228507;1,70288552254856;86;"Wallinga-Lipsitch Exp/Poi"
"430";1,18811375583861;0,721726414032144;1,8350529391545;87;"Wallinga-Lipsitch Exp/Poi"
"431";1,0116272953454;0,60043008514854;1,58576083651334;88;"Wallinga-Lipsitch Exp/Poi"
"432";1,26743277131838;0,806539825803868;1,89057783980287;89;"Wallinga-Lipsitch Exp/Poi"
"433";0,753786944242786;0,43590450592406;1,19928484299858;90;"Wallinga-Lipsitch Exp/Poi"
"434";0,81557873969535;0,479271364665955;1,28388339257086;91;"Wallinga-Lipsitch Exp/Poi"
"435";0,966262042803771;0,571482094532125;1,51753935227573;92;"Wallinga-Lipsitch Exp/Poi"
"436";1,23542271379722;0,760601925817665;1,88989747314106;93;"Wallinga-Lipsitch Exp/Poi"
"437";0,794428530319527;0,455336243372367;1,27290533488859;94;"Wallinga-Lipsitch Exp/Poi"
"438";0,435682800744107;0,207797147307853;0,785007700256217;95;"Wallinga-Lipsitch Exp/Poi"
"439";0,419589505001474;0,17509775578563;0,82005991731587;96;"Wallinga-Lipsitch Exp/Poi"
"440";0,303922949596012;0,111532402947609;0,63901372296375;97;"Wallinga-Lipsitch Exp/Poi"
"441";0,449089184898544;0,181292082771485;0,895317905082006;98;"Wallinga-Lipsitch Exp/Poi"
"442";0,641702100318574;0,290368261158421;1,20023745393843;99;"Wallinga-Lipsitch Exp/Poi"
"443";1,086941529539;0,535105231853236;1,94827892086166;100;"Wallinga-Lipsitch Exp/Poi"
"444";1,15600341555727;0,542127883909039;2,14473157294058;101;"Wallinga-Lipsitch Exp/Poi"
"445";0,881677259341841;0,381055697104877;1,70935739240482;102;"Wallinga-Lipsitch Exp/Poi"
"446";0,329729492339731;0,0918154832449878;0,799070525849561;103;"Wallinga-Lipsitch Exp/Poi"
"447";0,135114474186369;0,0169951650324431;0,475416931523825;104;"Wallinga-Lipsitch Exp/Poi"
"448";0,110132182415788;0,00911219980807893;0,460561339786821;105;"Wallinga-Lipsitch Exp/Poi"
"449";0,198396213667814;0,0168265938399925;0,777548075204439;106;"Wallinga-Lipsitch Exp/Poi"
"450";0,751638075704838;0,175778113960031;2,00902310416532;107;"Wallinga-Lipsitch Exp/Poi"
"451";1,61797098961485;0,612225795611639;3,50371668116712;108;"Wallinga-Lipsitch Exp/Poi"
"452";3,29798216771288;1,51740381711342;6,54162292028516;109;"Wallinga-Lipsitch Exp/Poi"
"453";2,77259965572077;1,27639587692236;5,4346620219257;110;"Wallinga-Lipsitch Exp/Poi"
"454";2,08265908922514;0,987939641194445;3,92889041884501;111;"Wallinga-Lipsitch Exp/Poi"
"455";1,55212676277918;0,710895020858624;2,95930019816502;112;"Wallinga-Lipsitch Exp/Poi"
"456";0,806148451151915;0,305655007679384;1,68583819370781;113;"Wallinga-Lipsitch Exp/Poi"
"457";0,894964989075226;0,370003123287465;1,78399111895344;114;"Wallinga-Lipsitch Exp/Poi"
"458";0,701377180993712;0,247299805493927;1,52148719088105;115;"Wallinga-Lipsitch Exp/Poi"
"459";0,615563899737514;0,187342091219708;1,43812150308264;116;"Wallinga-Lipsitch Exp/Poi"
"460";0,793038488947876;0,286436787530127;1,70405094932964;117;"Wallinga-Lipsitch Exp/Poi"
"461";0,670849136935027;0,201077189304108;1,58363179430075;118;"Wallinga-Lipsitch Exp/Poi"
"462";0,892079209383188;0,30713808625946;1,97780097111794;119;"Wallinga-Lipsitch Exp/Poi"
"463";0,766763207793892;0,250860072787521;1,73745238568986;120;"Wallinga-Lipsitch Exp/Poi"
"464";0,95557239109499;0,299089093031946;2,23886165373226;121;"Wallinga-Lipsitch Exp/Poi"
"465";0,87875597701277;0,276848901714558;2,04330277453397;122;"Wallinga-Lipsitch Exp/Poi"
"466";0,853974481244467;0,282830428528603;1,9305718396195;123;"Wallinga-Lipsitch Exp/Poi"
"467";3,01391223192163;1,54818203758684;5,45490370447406;124;"Wallinga-Lipsitch Exp/Poi"
"468";1,66682564968552;0,784667424141188;3,12833785635066;125;"Wallinga-Lipsitch Exp/Poi"
"469";1,85251432316957;0,909190244370615;3,39133689468588;126;"Wallinga-Lipsitch Exp/Poi"
"470";1,13016101998607;0,472402129473447;2,25664939726866;127;"Wallinga-Lipsitch Exp/Poi"
"471";0,485430136179208;0,142562364588695;1,14860103033855;128;"Wallinga-Lipsitch Exp/Poi"
"472";0,235981136075096;0,0414713197844296;0,704874397630033;129;"Wallinga-Lipsitch Exp/Poi"
"473";0,617168271911648;0,217266293875548;1,33541270296307;130;"Wallinga-Lipsitch Exp/Poi"
"474";2,28178288893032;1,14438383832153;4,15001848689018;131;"Wallinga-Lipsitch Exp/Poi"
"475";1,53712602483512;0,709590875456263;2,91375253902469;132;"Wallinga-Lipsitch Exp/Poi"
"476";2,16722250183632;1,07710112243082;3,95893939412815;133;"Wallinga-Lipsitch Exp/Poi"
"477";1,53371353018509;0,747395663226715;2,80022507791167;134;"Wallinga-Lipsitch Exp/Poi"
"478";1,48949889813569;0,774168383118789;2,59528869367284;135;"Wallinga-Lipsitch Exp/Poi"
"479";0,861683683972464;0,400372561236921;1,59478601573802;136;"Wallinga-Lipsitch Exp/Poi"
"480";0,911025890210317;0,411714133126571;1,71889815967043;137;"Wallinga-Lipsitch Exp/Poi"
"481";1,02538627121775;0,460697289294175;1,9488345995208;138;"Wallinga-Lipsitch Exp/Poi"
"482";1,15556224972017;0,577703258732307;2,05323303071322;139;"Wallinga-Lipsitch Exp/Poi"
"483";1,41615418594761;0,765679938549306;2,39438494894265;140;"Wallinga-Lipsitch Exp/Poi"
"484";1,32717024093033;0,718750051643716;2,23731899150569;141;"Wallinga-Lipsitch Exp/Poi"
"485";2,14051477847571;1,274315872463;3,40193021245082;142;"Wallinga-Lipsitch Exp/Poi"
"486";1,31728507946946;0,718995361941932;2,20766879221143;143;"Wallinga-Lipsitch Exp/Poi"
"487";0,949903771193424;0,491230808006908;1,64097137244592;144;"Wallinga-Lipsitch Exp/Poi"
"488";0,372841680835239;0,138494635229103;0,778395864929313;145;"Wallinga-Lipsitch Exp/Poi"
"489";0,357725017323058;0,122734794042958;0,779718208459359;146;"Wallinga-Lipsitch Exp/Poi"
"490";0,819847040762278;0,38793367079112;1,49784133976674;147;"Wallinga-Lipsitch Exp/Poi"
"491";0,980883057915325;0,487750055729683;1,74159998805049;148;"Wallinga-Lipsitch Exp/Poi"
"492";2,20481492244267;1,27018244553505;3,59972550968293;149;"Wallinga-Lipsitch Exp/Poi"
"493";1,2821847582647;0,672098138586076;2,21059320977448;150;"Wallinga-Lipsitch Exp/Poi"
"494";1,17610294100255;0,594139865240609;2,07580364210728;151;"Wallinga-Lipsitch Exp/Poi"
"495";0,726431209190632;0,333439674693368;1,34973475139839;152;"Wallinga-Lipsitch Exp/Poi"
"496";0,378729770938576;0,13337857701821;0,814101234534515;153;"Wallinga-Lipsitch Exp/Poi"
"497";1,3342130694113;0,733369185614905;2,22535116202219;154;"Wallinga-Lipsitch Exp/Poi"
"498";1,65085552260238;0,957777998717889;2,6588468882199;155;"Wallinga-Lipsitch Exp/Poi"
"499";2,90200686177101;1,83607037511483;4,42263472361036;156;"Wallinga-Lipsitch Exp/Poi"
"500";3,11724173101041;2,10870939688617;4,49217890598914;157;"Wallinga-Lipsitch Exp/Poi"
"501";2,36505730162037;1,60902224971668;3,37459716951132;158;"Wallinga-Lipsitch Exp/Poi"
"502";1,47786577446886;0,963771832493808;2,16715448751832;159;"Wallinga-Lipsitch Exp/Poi"
"503";0,89496498907476;0,555032655545479;1,3552757854539;160;"Wallinga-Lipsitch Exp/Poi"
"504";1,51669961087253;1,04106653924975;2,13421657645373;161;"Wallinga-Lipsitch Exp/Poi"
"505";1,344277235903;0,926421593301289;1,88271340506736;162;"Wallinga-Lipsitch Exp/Poi"
"506";1,01503338888422;0,672596386851222;1,46265738457076;163;"Wallinga-Lipsitch Exp/Poi"
"507";1,51608616408328;1,05852420785955;2,10349462488583;164;"Wallinga-Lipsitch Exp/Poi"
"508";1,26579045039068;0,865267293310449;1,78339395177301;165;"Wallinga-Lipsitch Exp/Poi"
"509";0,751142741849093;0,479474634161904;1,11091318148733;166;"Wallinga-Lipsitch Exp/Poi"
"510";0,608809777288636;0,378050402723437;0,917711767698132;167;"Wallinga-Lipsitch Exp/Poi"
"511";1,19389545859775;0,819394874195284;1,67560307431571;168;"Wallinga-Lipsitch Exp/Poi"
"512";1,53409338046193;1,08851334385578;2,10029857835041;169;"Wallinga-Lipsitch Exp/Poi"
"513";1,24908930685356;0,877191801645194;1,72126107303126;170;"Wallinga-Lipsitch Exp/Poi"
"514";1,20747402452071;0,831594076164407;1,6900909624439;171;"Wallinga-Lipsitch Exp/Poi"
"515";1,10913957251075;0,763808136814716;1,55125636766625;172;"Wallinga-Lipsitch Exp/Poi"
"516";0,720370903114945;0,468113896264804;1,0506301804407;173;"Wallinga-Lipsitch Exp/Poi"
"517";1,27390796527894;0,921989871373416;1,71240547602448;174;"Wallinga-Lipsitch Exp/Poi"
"518";2,41963579957131;1,88256317956739;3,07046981340995;175;"Wallinga-Lipsitch Exp/Poi"
"519";3,8504753545706;3,13592167715041;4,69958363939265;176;"Wallinga-Lipsitch Exp/Poi"
"520";4,4218294919209;3,70840035507428;5,25250527529081;177;"Wallinga-Lipsitch Exp/Poi"
"521";4,89127548179722;4,24228523518075;5,62718275970431;178;"Wallinga-Lipsitch Exp/Poi"
"522";3,29408710503976;2,87709704086943;3,7600633278297;179;"Wallinga-Lipsitch Exp/Poi"
"523";1,78349973554676;1,54446183786277;2,04919667479189;180;"Wallinga-Lipsitch Exp/Poi"
"524";2,15196263438093;1,90705877966999;2,42043833607037;181;"Wallinga-Lipsitch Exp/Poi"
"525";1,87472891737769;1,67057251333337;2,09715849966842;182;"Wallinga-Lipsitch Exp/Poi"
"526";2,11053226752674;1,90692643759221;2,33045202397528;183;"Wallinga-Lipsitch Exp/Poi"
"527";2,22786839716601;2,03286131162112;2,43708366281865;184;"Wallinga-Lipsitch Exp/Poi"
"528";2,44284053936479;2,24144028861353;2,65823499046206;185;"Wallinga-Lipsitch Exp/Poi"
"529";2,15001922199875;1,98163032516291;2,32923341371367;186;"Wallinga-Lipsitch Exp/Poi"
"530";1,22954603837615;1,12335575546218;1,34266920658599;187;"Wallinga-Lipsitch Exp/Poi"
"531";1,07873824936827;0,982914467705864;1,18089815852096;188;"Wallinga-Lipsitch Exp/Poi"
"532";0,886499230603047;0,805100411715553;0,973347243421571;189;"Wallinga-Lipsitch Exp/Poi"
"533";1,14401160304337;1,04997122450208;1,24382111753888;190;"Wallinga-Lipsitch Exp/Poi"
"534";1,71775492276391;1,5975385423502;1,84457491702801;191;"Wallinga-Lipsitch Exp/Poi"
"535";1,47874112553353;1,37161381757028;1,5918299731069;192;"Wallinga-Lipsitch Exp/Poi"
"536";1,86854588767991;1,74490790678072;1,99867484894452;193;"Wallinga-Lipsitch Exp/Poi"
"537";1,51842027894687;1,41757979140662;1,62440183214715;194;"Wallinga-Lipsitch Exp/Poi"
"538";1,11521873908945;1,03609694985085;1,19848109181983;195;"Wallinga-Lipsitch Exp/Poi"
"539";0,910796777185986;0,8437542775835;0,981399987639477;196;"Wallinga-Lipsitch Exp/Poi"
"540";1,0615919432458;0,9888242913426;1,13800959036414;197;"Wallinga-Lipsitch Exp/Poi"
"541";1,31809690746671;1,23229630699066;1,40809250220599;198;"Wallinga-Lipsitch Exp/Poi"
"542";1,30600321558497;1,22523486224125;1,39050930153364;199;"Wallinga-Lipsitch Exp/Poi"
"543";1,39859107894252;1,31391973917032;1,48713213781483;200;"Wallinga-Lipsitch Exp/Poi"
"544";1,15450185288016;1,08013337486392;1,23240251277118;201;"Wallinga-Lipsitch Exp/Poi"
"545";1,04534152440241;0,97814781871021;1,11568002640585;202;"Wallinga-Lipsitch Exp/Poi"
"546";0,857358443559019;0,799038464775318;0,918511081965066;203;"Wallinga-Lipsitch Exp/Poi"
"547";0,957683203432866;0,894730961126011;1,02362079612909;204;"Wallinga-Lipsitch Exp/Poi"
"548";0,962958968261278;0,900433013725756;1,02841396111142;205;"Wallinga-Lipsitch Exp/Poi"
"549";1,18729764291657;1,11408179249852;1,26384791241591;206;"Wallinga-Lipsitch Exp/Poi"
"550";1,09757483649483;1,02737136744077;1,1710667392052;207;"Wallinga-Lipsitch Exp/Poi"
"551";0,925073772202162;0,863938655770016;0,989113125488927;208;"Wallinga-Lipsitch Exp/Poi"
"552";1,01207193602815;0,946736149654365;1,08046750295476;209;"Wallinga-Lipsitch Exp/Poi"
"553";0,920966459898898;0,860253632567967;0,98455456923822;210;"Wallinga-Lipsitch Exp/Poi"
"554";1,25885880201724;1,18550092405494;1,33539070956567;211;"Wallinga-Lipsitch Exp/Poi"
"555";1,37140427617161;1,29422490379869;1,45184277047872;212;"Wallinga-Lipsitch Exp/Poi"
"556";1,29850020422951;1,22389123603559;1,37630387376532;213;"Wallinga-Lipsitch Exp/Poi"
"557";1,06549774935619;1,00167876019392;1,13209746328531;214;"Wallinga-Lipsitch Exp/Poi"
"558";0,892757956457607;0,836174802478379;0,951904111924232;215;"Wallinga-Lipsitch Exp/Poi"
"559";0,768548949867742;0,717156195450192;0,822367622570211;216;"Wallinga-Lipsitch Exp/Poi"
"560";0,69714048722987;0,649270600060429;0,747314067079996;217;"Wallinga-Lipsitch Exp/Poi"
"561";1,06784891244876;1,00312970554732;1,13542380785413;218;"Wallinga-Lipsitch Exp/Poi"
"562";1,48824573625949;1,40767691300222;1,57212153087348;219;"Wallinga-Lipsitch Exp/Poi"
"563";1,41279256991393;1,33642124211426;1,49226979608162;220;"Wallinga-Lipsitch Exp/Poi"
"564";1,40644395154303;1,33168680179291;1,48418653142138;221;"Wallinga-Lipsitch Exp/Poi"
"565";1,18390375640947;1,11882104082198;1,25161473059082;222;"Wallinga-Lipsitch Exp/Poi"
"566";0,910573703535423;0,85677284856377;0,96664415871609;223;"Wallinga-Lipsitch Exp/Poi"
"567";0,745305052762789;0,698395786963025;0,794286915347458;224;"Wallinga-Lipsitch Exp/Poi"
"568";0,880928071867831;0,828777907221458;0,935274903097106;225;"Wallinga-Lipsitch Exp/Poi"
"569";1,42340079161233;1,35195908997019;1,49753519312476;226;"Wallinga-Lipsitch Exp/Poi"
"570";1,49699809354736;1,42455992985338;1,5720845686562;227;"Wallinga-Lipsitch Exp/Poi"
"571";1,57720200714857;1,50315407067616;1,65389448380377;228;"Wallinga-Lipsitch Exp/Poi"
"572";1,22634223396493;1,16465766020668;1,29030885793278;229;"Wallinga-Lipsitch Exp/Poi"
"573";1,07191882161072;1,01737653078662;1,12846826525558;230;"Wallinga-Lipsitch Exp/Poi"
"574";1,1306795779211;1,0770006576343;1,18620926954132;231;"Wallinga-Lipsitch Exp/Poi"
"575";1,23634734092308;1,18109206398376;1,29341340670405;232;"Wallinga-Lipsitch Exp/Poi"
"576";1,43271715789584;1,3712701474803;1,49613423446514;233;"Wallinga-Lipsitch Exp/Poi"
"577";1,96945566775786;1,89629282118688;2,04474464024327;234;"Wallinga-Lipsitch Exp/Poi"
"578";1,8800945879806;1,81169444541225;1,95042538233238;235;"Wallinga-Lipsitch Exp/Poi"
"579";1,35365178869376;1,30224816593812;1,40649751977845;236;"Wallinga-Lipsitch Exp/Poi"
"580";1,11179299129056;1,06838724625282;1,15641934467319;237;"Wallinga-Lipsitch Exp/Poi"
"581";1,02079600527446;0,980115017597946;1,06263343409725;238;"Wallinga-Lipsitch Exp/Poi"
"582";1,19882940370588;1,15488831953783;1,24393976168791;239;"Wallinga-Lipsitch Exp/Poi"
"583";1,32705609088469;1,28238480317304;1,37283170421727;240;"Wallinga-Lipsitch Exp/Poi"
"584";1,76405622908595;1,70978405827403;1,81960504532728;241;"Wallinga-Lipsitch Exp/Poi"
"585";1,7146194644468;1,66310844067419;1,76730774628154;242;"Wallinga-Lipsitch Exp/Poi"
"586";1,56902798956795;1,52288052854706;1,61619348918862;243;"Wallinga-Lipsitch Exp/Poi"
"587";1,42793222164517;1,3865847125209;1,47016506882127;244;"Wallinga-Lipsitch Exp/Poi"
"588";1,13713947570654;1,10321249250222;1,17179277186908;245;"Wallinga-Lipsitch Exp/Poi"
"589";1,15362218748288;1,12021724885041;1,18772202072072;246;"Wallinga-Lipsitch Exp/Poi"
"590";1,31938003266925;1,28346881135212;1,35600512061495;247;"Wallinga-Lipsitch Exp/Poi"
"591";1,30462827879836;1,26947478238886;1,34047236508594;248;"Wallinga-Lipsitch Exp/Poi"
"592";1,25835758489251;1,22495861511351;1,29239951317634;249;"Wallinga-Lipsitch Exp/Poi"
"593";1,0917157543016;1,06159988581493;1,12242377847618;250;"Wallinga-Lipsitch Exp/Poi"
"594";0,942173612411741;0,914849248054572;0,970053845764127;251;"Wallinga-Lipsitch Exp/Poi"
"595";0,782448290704175;0,758362798500848;0,807044895404269;252;"Wallinga-Lipsitch Exp/Poi"
"596";0,871582365622032;0,845845070997318;0,897848618335208;253;"Wallinga-Lipsitch Exp/Poi"
"597";1,00917592525275;0,980496206555838;1,03843154573866;254;"Wallinga-Lipsitch Exp/Poi"
"598";0,994204627426285;0,965625576873428;1,02336329773564;255;"Wallinga-Lipsitch Exp/Poi"
"599";1,3916936129328;1,35610953006153;1,42794635534334;256;"Wallinga-Lipsitch Exp/Poi"
"600";1,35474380419451;1,32040444749601;1,38972032393696;257;"Wallinga-Lipsitch Exp/Poi"
"601";1,11429463831961;1,08462516215357;1,14452822991605;258;"Wallinga-Lipsitch Exp/Poi"
"602";0,926973869773799;0,901087254799526;0,953366303322381;259;"Wallinga-Lipsitch Exp/Poi"
"603";0,894988777482031;0,86946243932404;0,921022855178199;260;"Wallinga-Lipsitch Exp/Poi"
"604";0,840765661875069;0,816141161105445;0,865890230572462;261;"Wallinga-Lipsitch Exp/Poi"
"605";0,721467962778636;0,699274915694786;0,744128309623002;262;"Wallinga-Lipsitch Exp/Poi"
"606";0,776584411814177;0,752111397212629;0,801589007924141;263;"Wallinga-Lipsitch Exp/Poi"
"607";0,849260117262692;0,822709362052037;0,87638778575045;264;"Wallinga-Lipsitch Exp/Poi"
"608";0,820496427561474;0,794340510853914;0,847230155019981;265;"Wallinga-Lipsitch Exp/Poi"
"609";1,19061634335142;1,15778489845314;1,22410015561746;266;"Wallinga-Lipsitch Exp/Poi"
"610";1,49363808882518;1,45608200180821;1,53189505851609;267;"Wallinga-Lipsitch Exp/Poi"
"611";1,66582412130049;1,62617524617603;1,70618431491238;268;"Wallinga-Lipsitch Exp/Poi"
"612";1,78912325524325;1,74867047316659;1,8302725847169;269;"Wallinga-Lipsitch Exp/Poi"
"613";1,41618522581988;1,38325143470909;1,44968231413225;270;"Wallinga-Lipsitch Exp/Poi"
"614";0,976841313000384;0,951570793047151;1,00257122393423;271;"Wallinga-Lipsitch Exp/Poi"
"615";0,646979296057375;0,627908283961263;0,666431530421007;272;"Wallinga-Lipsitch Exp/Poi"
"616";0,804029805350724;0,782072885465298;0,8264001358122;273;"Wallinga-Lipsitch Exp/Poi"
"617";0,935769717894926;0,911370069611563;0,960614394098906;274;"Wallinga-Lipsitch Exp/Poi"
"618";1,00192023133989;0,976100696690764;1,02820863986391;275;"Wallinga-Lipsitch Exp/Poi"
"619";1,31981703083562;1,2883718662266;1,35180803287976;276;"Wallinga-Lipsitch Exp/Poi"
"620";1,14019459858147;1,11123656271688;1,16967885535299;277;"Wallinga-Lipsitch Exp/Poi"
"621";0,650040166171708;0,629811867746946;0,670695962116417;278;"Wallinga-Lipsitch Exp/Poi"
"622";0,41411375006413;0,398798097343361;0,429807247506943;279;"Wallinga-Lipsitch Exp/Poi"
"623";0,611384433700682;0,591338707345617;0,631875127001274;280;"Wallinga-Lipsitch Exp/Poi"
"624";0,950956110526879;0,923998427539808;0,978450143741661;281;"Wallinga-Lipsitch Exp/Poi"
"625";1,11943493408163;1,08901207413618;1,15044876803336;282;"Wallinga-Lipsitch Exp/Poi"
"626";1,47664810114454;1,43794743856229;1,51610091559563;283;"Wallinga-Lipsitch Exp/Poi"
"627";1,25114067879974;1,21662862568344;1,28634321303419;284;"Wallinga-Lipsitch Exp/Poi"
"628";0,620808869725013;0,599313665936726;0,642809098668173;285;"Wallinga-Lipsitch Exp/Poi"
"629";0,383116605332492;0,36725322885766;0,399418769145052;286;"Wallinga-Lipsitch Exp/Poi"
"630";0,386441049570321;0,36978614304063;0,403576073922532;287;"Wallinga-Lipsitch Exp/Poi"
"631";0,764294968390608;0,737464538983612;0,791775279870702;288;"Wallinga-Lipsitch Exp/Poi"
"632";1,15517978186853;1,11878642333348;1,19239847149423;289;"Wallinga-Lipsitch Exp/Poi"
"633";1,28016678628499;1,23998797004599;1,32126560291833;290;"Wallinga-Lipsitch Exp/Poi"
"634";1,13758168864755;1,09953649849893;1,1765422863296;291;"Wallinga-Lipsitch Exp/Poi"
"635";0,57966873204881;0,555182152056972;0,604857735797796;292;"Wallinga-Lipsitch Exp/Poi"
"636";0,408222674897307;0,388248897768976;0,428853409802399;293;"Wallinga-Lipsitch Exp/Poi"
"637";0,498825887701482;0,476283540185343;0,522055920064918;294;"Wallinga-Lipsitch Exp/Poi"
"638";0,744598101087557;0,713881864501444;0,77619034376445;295;"Wallinga-Lipsitch Exp/Poi"
"639";0,815260566693101;0,779758730905066;0,851841847254094;296;"Wallinga-Lipsitch Exp/Poi"
"640";0,674067582906592;0,640240204178206;0,709066255288097;297;"Wallinga-Lipsitch Exp/Poi"
"641";0,434173658920303;0,407157892253089;0,462331554129365;298;"Wallinga-Lipsitch Exp/Poi"
"642";0,203754682426347;0,186880814372193;0,221600964516787;299;"Wallinga-Lipsitch Exp/Poi"
"643";0,324460218792874;0,301788904120281;0,34820942417164;300;"Wallinga-Lipsitch Exp/Poi"
"644";1,38084830856148;1,32018660701308;1,44349313754709;301;"Wallinga-Lipsitch Exp/Poi"
"645";3,02523789409128;2,91270577483762;3,14130100279509;302;"Wallinga-Lipsitch Exp/Poi"
"646";2,42265152035288;2,33026286728484;2,51789819349909;303;"Wallinga-Lipsitch Exp/Poi"
"647";1,49871228378582;1,43691022351902;1,56242978754213;304;"Wallinga-Lipsitch Exp/Poi"
"648";0,708952428939442;0,672743012132227;0,746443828380005;305;"Wallinga-Lipsitch Exp/Poi"
"649";0,302750339394648;0,281834027298687;0,324649891757844;306;"Wallinga-Lipsitch Exp/Poi"
"650";0,411755506017576;0,386374264588011;0,438197820182465;307;"Wallinga-Lipsitch Exp/Poi"
"651";1,19809032729921;1,14643135927534;1,25137390556079;308;"Wallinga-Lipsitch Exp/Poi"
"652";2,38738349257101;2,30032036868013;2,47701203846765;309;"Wallinga-Lipsitch Exp/Poi"
"653";2,45598151222998;2,37113485142169;2,54320470007003;310;"Wallinga-Lipsitch Exp/Poi"
"654";1,85822899208726;1,7915118665905;1,92680031314719;311;"Wallinga-Lipsitch Exp/Poi"
"655";1,06848460572393;1,02496926793576;1,11327177801042;312;"Wallinga-Lipsitch Exp/Poi"
"656";0,413420371882634;0,390119389449508;0,437608900365094;313;"Wallinga-Lipsitch Exp/Poi"
"657";0,279263958220967;0,260692247846644;0,298675605327172;314;"Wallinga-Lipsitch Exp/Poi"
"658";0,454393359860911;0,427958400862288;0,481871836890217;315;"Wallinga-Lipsitch Exp/Poi"
"659";0,660734250798596;0,625044244087409;0,697755918001137;316;"Wallinga-Lipsitch Exp/Poi"
"660";1,052350777953;1,00045417772709;1,10609208378887;317;"Wallinga-Lipsitch Exp/Poi"
"661";1,1589125135395;1,10185027590207;1,21802431457663;318;"Wallinga-Lipsitch Exp/Poi"
"662";0,97348645558861;0,921531235116376;1,02742798097647;319;"Wallinga-Lipsitch Exp/Poi"
"663";0,451790323852418;0,420369111375739;0,48470568334756;320;"Wallinga-Lipsitch Exp/Poi"
"664";0,383915339502355;0,355003656025455;0,414315555336434;321;"Wallinga-Lipsitch Exp/Poi"
"665";0,7211804995025;0,676245040806281;0,76807495352621;322;"Wallinga-Lipsitch Exp/Poi"
"666";1,00973360104164;0,952508312260192;1,06929750532841;323;"Wallinga-Lipsitch Exp/Poi"
"667";1,38545184382638;1,31327433989742;1,46044607858845;324;"Wallinga-Lipsitch Exp/Poi"
"668";1,61311940743415;1,53235481237524;1,69697808516712;325;"Wallinga-Lipsitch Exp/Poi"
"669";1,23999913421358;1,17335379125094;1,30928967149235;326;"Wallinga-Lipsitch Exp/Poi"
"670";0,598552070994301;0,557757697763412;0,6412725415024;327;"Wallinga-Lipsitch Exp/Poi"
"671";0,520191644405335;0,483040821019434;0,559169764497444;328;"Wallinga-Lipsitch Exp/Poi"
"672";0,887394419595141;0,834943198212403;0,94205310124083;329;"Wallinga-Lipsitch Exp/Poi"
"673";1,19756508424879;1,13345979245006;1,26419232248151;330;"Wallinga-Lipsitch Exp/Poi"
"674";1,51545365300863;1,43944110839947;1,594355985255;331;"Wallinga-Lipsitch Exp/Poi"
"675";1,74206818018717;1,65784430182725;1,82944163494292;332;"Wallinga-Lipsitch Exp/Poi"
"676";1,43185386695355;1,36040962190348;1,50597682880441;333;"Wallinga-Lipsitch Exp/Poi"
"677";0,679793830761246;0,63757268915118;0,723840624230319;334;"Wallinga-Lipsitch Exp/Poi"
"678";0,54198327381669;0,505684749285669;0,57995450984206;335;"Wallinga-Lipsitch Exp/Poi"
"679";0,883829751702778;0,833811329562209;0,935859230820113;336;"Wallinga-Lipsitch Exp/Poi"
"680";1,19775669918737;1,13631799364528;1,26150776646003;337;"Wallinga-Lipsitch Exp/Poi"
"681";1,46915698203666;1,39860194441442;1,54226419002858;338;"Wallinga-Lipsitch Exp/Poi"
"682";1,56306097117648;1,4894239404865;1,63933362758852;339;"Wallinga-Lipsitch Exp/Poi"
"683";1,378752457505;1,3118040150093;1,44812790662754;340;"Wallinga-Lipsitch Exp/Poi"
"684";0,855755279002939;0,809197249564895;0,904104112143367;341;"Wallinga-Lipsitch Exp/Poi"
"685";0,697266941940151;0,657175718918239;0,73896109031243;342;"Wallinga-Lipsitch Exp/Poi"
"686";1,01431470546629;0,963223256808907;1,06725441567917;343;"Wallinga-Lipsitch Exp/Poi"
"687";1,2913651987789;1,23154448662458;1,35323239938683;344;"Wallinga-Lipsitch Exp/Poi"
"688";1,61413907503571;1,54508463903887;1,68544162484743;345;"Wallinga-Lipsitch Exp/Poi"
"689";1,58113307613278;1,5141799194224;1,65023617687561;346;"Wallinga-Lipsitch Exp/Poi"
"690";1,21972381540657;1,16482559587539;1,27643100662897;347;"Wallinga-Lipsitch Exp/Poi"
"691";0,715257247704823;0,676827440709537;0,75512206292313;348;"Wallinga-Lipsitch Exp/Poi"
"692";0,617826381141333;0,583359820179096;0,653616345128699;349;"Wallinga-Lipsitch Exp/Poi"
"693";1,11551635743821;1,06598459075194;1,16663910960711;350;"Wallinga-Lipsitch Exp/Poi"
"694";1,67417053849403;1,61057211028626;1,73961119130861;351;"Wallinga-Lipsitch Exp/Poi"
"695";2,19219330258195;2,11643417386384;2,27003363298925;352;"Wallinga-Lipsitch Exp/Poi"
"696";2,25757500907037;2,18301727761546;2,33409759191604;353;"Wallinga-Lipsitch Exp/Poi"
"697";1,82091441955427;1,76046414139784;1,88290978031741;354;"Wallinga-Lipsitch Exp/Poi"
"698";0,983078742578687;0,945462537533744;1,02171603773091;355;"Wallinga-Lipsitch Exp/Poi"
"699";0,798587983167345;0,767074907509092;0,830965150593698;356;"Wallinga-Lipsitch Exp/Poi"
"700";2,11853102141204;2,06666666666667;2,54;8;"Wallinga-Teunis"
"701";2,13376233105908;1,88888888888889;2,5;9;"Wallinga-Teunis"
"702";2,11959330721675;2;2,48260869565217;10;"Wallinga-Teunis"
"703";2,08975880035693;1,86517857142857;2,50357142857143;11;"Wallinga-Teunis"
"704";2,05985005625644;1,80642857142857;2,20285714285714;12;"Wallinga-Teunis"
"705";2,0426543304494;1,81125;2,119375;13;"Wallinga-Teunis"
"706";2,02173732641455;1,84754901960784;2,13921568627451;14;"Wallinga-Teunis"
"707";2,02060383640097;1,85646551724138;2,20301724137931;15;"Wallinga-Teunis"
"708";1,9916390672781;1,81538461538462;2,17576923076923;16;"Wallinga-Teunis"
"709";1,9010067552348;1,79126506024096;2,01596385542169;17;"Wallinga-Teunis"
"710";1,82214096356215;1,7197619047619;1,93857142857143;18;"Wallinga-Teunis"
"711";1,76253365364175;1,70826086956522;1,90239130434783;19;"Wallinga-Teunis"
"712";1,68767737723686;1,64172535211268;1,79964788732394;20;"Wallinga-Teunis"
"713";1,60183397288229;1,5688679245283;1,72672955974843;21;"Wallinga-Teunis"
"714";1,5201019762218;1,43212365591398;1,59139784946237;22;"Wallinga-Teunis"
"715";1,42778084104113;1,38738317757009;1,46518691588785;23;"Wallinga-Teunis"
"716";1,32262630440853;1,26572580645161;1,36461693548387;24;"Wallinga-Teunis"
"717";1,26110266937899;1,16626984126984;1,28303571428571;25;"Wallinga-Teunis"
"718";1,22192338656176;1,12435661764706;1,26341911764706;26;"Wallinga-Teunis"
"719";1,17716912258635;1,07878228782288;1,22260147601476;27;"Wallinga-Teunis"
"720";1,14092170499101;1,07684563758389;1,16585570469799;28;"Wallinga-Teunis"
"721";1,12164071153842;1,05931208053691;1,16627516778523;29;"Wallinga-Teunis"
"722";1,12788909548595;1,07227722772277;1,17524752475248;30;"Wallinga-Teunis"
"723";1,16571760673406;1,11151877133106;1,21160409556314;31;"Wallinga-Teunis"
"724";1,17825557140658;1,12305555555556;1,24759259259259;32;"Wallinga-Teunis"
"725";1,19803477705283;1,12482935153584;1,26962457337884;33;"Wallinga-Teunis"
"726";1,19326660408364;1,11366459627329;1,2763198757764;34;"Wallinga-Teunis"
"727";1,16857372547387;1,14189189189189;1,24947447447447;35;"Wallinga-Teunis"
"728";1,12970168507344;1,09209115281501;1,20187667560322;36;"Wallinga-Teunis"
"729";1,10130589067923;1,0446335078534;1,13318062827225;37;"Wallinga-Teunis"
"730";1,06389947020714;1,03653846153846;1,10564102564103;38;"Wallinga-Teunis"
"731";1,05999877948945;1,03202380952381;1,1010119047619;39;"Wallinga-Teunis"
"732";1,03498943310701;1,02537220843672;1,07828784119107;40;"Wallinga-Teunis"
"733";1,02139936946476;0,985275689223058;1,07600250626566;41;"Wallinga-Teunis"
"734";1,00758769541739;0,930316455696202;1,03708860759494;42;"Wallinga-Teunis"
"735";0,987867456578603;0,921323529411765;1,03455882352941;43;"Wallinga-Teunis"
"736";0,978094763411511;0,933086419753086;1,04382716049383;44;"Wallinga-Teunis"
"737";0,96406793319749;0,908959899749373;1,01190476190476;45;"Wallinga-Teunis"
"738";0,952059695848443;0,914312039312039;0,992567567567568;46;"Wallinga-Teunis"
"739";0,93378770771787;0,896992481203007;0,957393483709273;47;"Wallinga-Teunis"
"740";0,908221673766411;0,873716381418093;0,943215158924205;48;"Wallinga-Teunis"
"741";0,895240494885366;0,874268292682927;0,962256097560976;49;"Wallinga-Teunis"
"742";0,890697480675949;0,843528610354223;0,988623978201635;50;"Wallinga-Teunis"
"743";0,881884708798738;0,819225543478261;0,96875;51;"Wallinga-Teunis"
"744";0,873881740738264;0,808104395604396;0,953365384615385;52;"Wallinga-Teunis"
"745";0,8630702875348;0,807163323782235;0,935315186246418;53;"Wallinga-Teunis"
"746";0,856543847966845;0,83034188034188;0,906267806267806;54;"Wallinga-Teunis"
"747";0,849917914544874;0,809939759036145;0,914231927710843;55;"Wallinga-Teunis"
"748";0,836329160843143;0,788548387096774;0,886370967741936;56;"Wallinga-Teunis"
"749";0,807171593984729;0,757380952380952;0,843015873015873;57;"Wallinga-Teunis"
"750";0,774037201647686;0,710996835443038;0,833227848101266;58;"Wallinga-Teunis"
"751";0,750762002530895;0,688583333333333;0,802833333333333;59;"Wallinga-Teunis"
"752";0,735032500278322;0,701496478873239;0,784330985915493;60;"Wallinga-Teunis"
"753";0,716356748196401;0,677403846153846;0,753365384615385;61;"Wallinga-Teunis"
"754";0,706689899066218;0,639056224899598;0,793674698795181;62;"Wallinga-Teunis"
"755";0,713047760619947;0,639912280701754;0,761184210526316;63;"Wallinga-Teunis"
"756";0,747297430126333;0,693055555555556;0,784974747474747;64;"Wallinga-Teunis"
"757";0,803025172978119;0,691768292682927;0,863109756097561;65;"Wallinga-Teunis"
"758";0,854437911831662;0,757547169811321;0,912578616352201;66;"Wallinga-Teunis"
"759";0,883674653500462;0,760191082802548;0,925636942675159;67;"Wallinga-Teunis"
"760";0,922881022831094;0,81444099378882;0,979192546583851;68;"Wallinga-Teunis"
"761";0,99539598962058;0,888265306122449;1,05510204081633;69;"Wallinga-Teunis"
"762";1,04460191229399;0,94645390070922;1,16294326241135;70;"Wallinga-Teunis"
"763";1,07869354415826;0,967482517482517;1,17552447552448;71;"Wallinga-Teunis"
"764";1,08569164414673;1,03141025641026;1,16442307692308;72;"Wallinga-Teunis"
"765";1,08019002248619;1,0179012345679;1,16049382716049;73;"Wallinga-Teunis"
"766";1,06756740702128;1,02267441860465;1,15755813953488;74;"Wallinga-Teunis"
"767";1,04735842453939;0,998121387283237;1,1014450867052;75;"Wallinga-Teunis"
"768";1,00309658576458;0,938333333333333;1,05236111111111;76;"Wallinga-Teunis"
"769";0,958472571906105;0,852604166666667;0,994791666666667;77;"Wallinga-Teunis"
"770";0,912456909440087;0,833418367346939;0,948341836734694;78;"Wallinga-Teunis"
"771";0,867186554691864;0,824088541666667;0,905078125;79;"Wallinga-Teunis"
"772";0,834221196135696;0,771908602150538;0,891263440860215;80;"Wallinga-Teunis"
"773";0,814796925938807;0,776580459770115;0,860775862068966;81;"Wallinga-Teunis"
"774";0,808493135364493;0,783132530120482;0,90210843373494;82;"Wallinga-Teunis"
"775";0,806609902834374;0,792060810810811;0,90152027027027;83;"Wallinga-Teunis"
"776";0,817319461400779;0,791485507246377;0,930615942028986;84;"Wallinga-Teunis"
"777";0,837698018774113;0,799080882352941;0,924816176470588;85;"Wallinga-Teunis"
"778";0,873128694592612;0,8369140625;0,9556640625;86;"Wallinga-Teunis"
"779";0,899822151499057;0,841891891891892;0,999774774774775;87;"Wallinga-Teunis"
"780";0,894010520509779;0,83783185840708;0,976327433628319;88;"Wallinga-Teunis"
"781";0,866622860373216;0,7650390625;0,98515625;89;"Wallinga-Teunis"
"782";0,849059279994893;0,755952380952381;0,910912698412698;90;"Wallinga-Teunis"
"783";0,819064515539517;0,749603174603175;0,849206349206349;91;"Wallinga-Teunis"
"784";0,785974743145814;0,729565217391304;0,844347826086957;92;"Wallinga-Teunis"
"785";0,73205534395925;0,692982456140351;0,743640350877193;93;"Wallinga-Teunis"
"786";0,707965184668401;0,673305084745763;0,735381355932203;94;"Wallinga-Teunis"
"787";0,693311300210682;0,653440366972477;0,697247706422018;95;"Wallinga-Teunis"
"788";0,662841137721528;0,552976190476191;0,679761904761905;96;"Wallinga-Teunis"
"789";0,65715290024772;0,583333333333333;0,682440476190476;97;"Wallinga-Teunis"
"790";0,641798610245156;0,586666666666667;0,714;98;"Wallinga-Teunis"
"791";0,634665182539547;0,58458904109589;0,709246575342466;99;"Wallinga-Teunis"
"792";0,645464100376724;0,584274193548387;0,725806451612903;100;"Wallinga-Teunis"
"793";0,648174332690279;0,532547169811321;0,708490566037736;101;"Wallinga-Teunis"
"794";0,65500222898021;0,564150943396226;0,716981132075472;102;"Wallinga-Teunis"
"795";0,668201278363034;0,60377358490566;0,735849056603774;103;"Wallinga-Teunis"
"796";0,67176860237197;0,613636363636364;0,767613636363636;104;"Wallinga-Teunis"
"797";0,741373167669736;0,600675675675676;0,783783783783784;105;"Wallinga-Teunis"
"798";0,86355145816252;0,625925925925926;0,983333333333333;106;"Wallinga-Teunis"
"799";1,03260365188914;0,861458333333333;1,28229166666667;107;"Wallinga-Teunis"
"800";1,1043661794303;0,928571428571429;1,27767857142857;108;"Wallinga-Teunis"
"801";1,14644490743027;0,955833333333333;1,31833333333333;109;"Wallinga-Teunis"
"802";1,13072343680385;0,96875;1,284375;110;"Wallinga-Teunis"
"803";1,0822817191063;0,954487179487179;1,14807692307692;111;"Wallinga-Teunis"
"804";1,03764588783148;0,915476190476191;1,17440476190476;112;"Wallinga-Teunis"
"805";1,00456422297593;0,86875;1,15625;113;"Wallinga-Teunis"
"806";0,955900837330896;0,780208333333333;1,053125;114;"Wallinga-Teunis"
"807";0,930019619998957;0,79593023255814;1,04127906976744;115;"Wallinga-Teunis"
"808";0,913606482677844;0,769078947368421;0,988157894736842;116;"Wallinga-Teunis"
"809";0,937879748715363;0,840243902439024;1;117;"Wallinga-Teunis"
"810";0,957111517683762;0,863571428571428;1,13;118;"Wallinga-Teunis"
"811";1,00721872800049;0,857142857142857;1,19357142857143;119;"Wallinga-Teunis"
"812";1,07151955874971;0,911111111111111;1,16666666666667;120;"Wallinga-Teunis"
"813";1,15142710544195;0,954310344827586;1,37155172413793;121;"Wallinga-Teunis"
"814";1,20147234505575;1,06451612903226;1,35483870967742;122;"Wallinga-Teunis"
"815";1,19447534610943;1,02941176470588;1,44411764705882;123;"Wallinga-Teunis"
"816";1,13098918980871;0,956707317073171;1,31158536585366;124;"Wallinga-Teunis"
"817";1,11725724756716;0,906976744186046;1,32790697674419;125;"Wallinga-Teunis"
"818";1,10872497429061;0,965555555555556;1,30833333333333;126;"Wallinga-Teunis"
"819";1,09048525302523;0,976190476190476;1,23809523809524;127;"Wallinga-Teunis"
"820";1,10013985222157;0,922674418604651;1,27383720930233;128;"Wallinga-Teunis"
"821";1,08621866136656;0,926829268292683;1,21646341463415;129;"Wallinga-Teunis"
"822";1,11111082265702;1,00478723404255;1,19840425531915;130;"Wallinga-Teunis"
"823";1,18618019928416;0,956395348837209;1,43895348837209;131;"Wallinga-Teunis"
"824";1,2084308579378;1,01046511627907;1,42093023255814;132;"Wallinga-Teunis"
"825";1,22214455482007;1,06220930232558;1,51918604651163;133;"Wallinga-Teunis"
"826";1,20187558956596;1,12704081632653;1,53010204081633;134;"Wallinga-Teunis"
"827";1,17508289737978;0,994491525423729;1,41949152542373;135;"Wallinga-Teunis"
"828";1,17432119818434;1,0547619047619;1,3702380952381;136;"Wallinga-Teunis"
"829";1,19065486458066;1,06842105263158;1,29429824561404;137;"Wallinga-Teunis"
"830";1,19712025477433;1,09423076923077;1,41201923076923;138;"Wallinga-Teunis"
"831";1,16984093646524;1,11653225806452;1,33306451612903;139;"Wallinga-Teunis"
"832";1,12594803692921;0,947794117647059;1,28713235294118;140;"Wallinga-Teunis"
"833";1,08640759038773;0,9;1,2330985915493;141;"Wallinga-Teunis"
"834";1,03489268595903;0,966;1,142;142;"Wallinga-Teunis"
"835";1,01192248647986;0,922602739726027;1,11404109589041;143;"Wallinga-Teunis"
"836";1,00324394790071;0,887662337662338;1,05194805194805;144;"Wallinga-Teunis"
"837";0,993630029501795;0,845608108108108;1,05405405405405;145;"Wallinga-Teunis"
"838";0,994460652213733;0,880597014925373;1,07611940298507;146;"Wallinga-Teunis"
"839";1,02661003056446;0,915073529411765;1,11764705882353;147;"Wallinga-Teunis"
"840";1,06293664218163;0,915073529411765;1,16654411764706;148;"Wallinga-Teunis"
"841";1,13960324274126;0,986742424242424;1,27765151515152;149;"Wallinga-Teunis"
"842";1,17166538690202;1,02537878787879;1,31136363636364;150;"Wallinga-Teunis"
"843";1,22556812076975;1,13412698412698;1,34563492063492;151;"Wallinga-Teunis"
"844";1,29582923522973;1,23514492753623;1,41702898550725;152;"Wallinga-Teunis"
"845";1,33938420465999;1,29850746268657;1,49253731343284;153;"Wallinga-Teunis"
"846";1,46936612064881;1,36351351351351;1,58108108108108;154;"Wallinga-Teunis"
"847";1,53011044235886;1,42307692307692;1,65384615384615;155;"Wallinga-Teunis"
"848";1,530446591972;1,42202380952381;1,63482142857143;156;"Wallinga-Teunis"
"849";1,44745525236854;1,36936936936937;1,52027027027027;157;"Wallinga-Teunis"
"850";1,41184402899911;1,34484126984127;1,45674603174603;158;"Wallinga-Teunis"
"851";1,37845920673001;1,26923076923077;1,39057692307692;159;"Wallinga-Teunis"
"852";1,34207731022096;1,26319444444444;1,41805555555556;160;"Wallinga-Teunis"
"853";1,24044613831408;1,16564417177914;1,33941717791411;161;"Wallinga-Teunis"
"854";1,19605842259631;1,13300561797753;1,32879213483146;162;"Wallinga-Teunis"
"855";1,17494678923491;1,11685714285714;1,25514285714286;163;"Wallinga-Teunis"
"856";1,16834601338121;1,09873595505618;1,22345505617978;164;"Wallinga-Teunis"
"857";1,17032423246829;1,08305084745763;1,23036723163842;165;"Wallinga-Teunis"
"858";1,18237298918576;1,09354395604396;1,2581043956044;166;"Wallinga-Teunis"
"859";1,21407099557114;1,14351851851852;1,25039682539683;167;"Wallinga-Teunis"
"860";1,29369722355393;1,17660427807487;1,36590909090909;168;"Wallinga-Teunis"
"861";1,38503108152303;1,25816062176166;1,43976683937824;169;"Wallinga-Teunis"
"862";1,48761627620878;1,41951219512195;1,53707317073171;170;"Wallinga-Teunis"
"863";1,62116370165338;1,50648148148148;1,68015873015873;171;"Wallinga-Teunis"
"864";1,8066691160215;1,65025125628141;1,93316582914573;172;"Wallinga-Teunis"
"865";1,9405213228546;1,79727722772277;2,03626237623762;173;"Wallinga-Teunis"
"866";2,19557973447092;2,05697916666667;2,25229166666667;174;"Wallinga-Teunis"
"867";2,38317345034767;2,29166666666667;2,45842105263158;175;"Wallinga-Teunis"
"868";2,40924270719126;2,31415989159892;2,49871273712737;176;"Wallinga-Teunis"
"869";2,28495498276276;2,20311860940695;2,35373210633947;177;"Wallinga-Teunis"
"870";2,11910817434342;2,05129076086957;2,17527173913043;178;"Wallinga-Teunis"
"871";2,06612570196048;2,00835253456221;2,11209677419355;179;"Wallinga-Teunis"
"872";2,02791514696773;2,00441329179647;2,08808411214953;180;"Wallinga-Teunis"
"873";1,91989146099611;1,91236;1,96238;181;"Wallinga-Teunis"
"874";1,82366395911866;1,80453608247423;1,86106529209622;182;"Wallinga-Teunis"
"875";1,69523590280412;1,69302979201799;1,73621416526138;183;"Wallinga-Teunis"
"876";1,58915174999546;1,58096244131455;1,61480046948357;184;"Wallinga-Teunis"
"877";1,49455253211102;1,48672176899957;1,51657363675397;185;"Wallinga-Teunis"
"878";1,42934317829998;1,41712026480324;1,44246046340566;186;"Wallinga-Teunis"
"879";1,40694054799873;1,38995733788396;1,42847269624573;187;"Wallinga-Teunis"
"880";1,36768082893539;1,34970706394376;1,38975560763308;188;"Wallinga-Teunis"
"881";1,34619329793502;1,33057844690967;1,36083993660856;189;"Wallinga-Teunis"
"882";1,31465571339844;1,30250443262411;1,31957003546099;190;"Wallinga-Teunis"
"883";1,28874630840282;1,27864500792393;1,30407422081352;191;"Wallinga-Teunis"
"884";1,27833993444032;1,26632693319306;1,30085481325618;192;"Wallinga-Teunis"
"885";1,24853636107955;1,23483476132191;1,26726438188494;193;"Wallinga-Teunis"
"886";1,22761908085436;1,21245817532902;1,24387686816864;194;"Wallinga-Teunis"
"887";1,20684844091366;1,19735540743926;1,22082885400989;195;"Wallinga-Teunis"
"888";1,18549152242582;1,16859787277562;1,18830537942319;196;"Wallinga-Teunis"
"889";1,1662199639859;1,14693212757682;1,17669681057954;197;"Wallinga-Teunis"
"890";1,14085655645512;1,11036912085731;1,14696368327049;198;"Wallinga-Teunis"
"891";1,11438823647556;1,09334666666667;1,11673777777778;199;"Wallinga-Teunis"
"892";1,0983259793641;1,08606644283442;1,11253755080403;200;"Wallinga-Teunis"
"893";1,08229985745159;1,06843266114512;1,09682661145121;201;"Wallinga-Teunis"
"894";1,06744261464888;1,05418425941564;1,08018071271745;202;"Wallinga-Teunis"
"895";1,05499221059592;1,04524426970052;1,06993056717417;203;"Wallinga-Teunis"
"896";1,04319032019438;1,03143000669792;1,06087993971869;204;"Wallinga-Teunis"
"897";1,04162982951704;1,03592905128625;1,0582459446174;205;"Wallinga-Teunis"
"898";1,0515937588584;1,04861901573485;1,06039086039505;206;"Wallinga-Teunis"
"899";1,05986761195281;1,04938866884794;1,07118133287412;207;"Wallinga-Teunis"
"900";1,06971706111131;1,05866180854588;1,08733852268963;208;"Wallinga-Teunis"
"901";1,07834252938565;1,07039418740605;1,09364456322031;209;"Wallinga-Teunis"
"902";1,07661299375668;1,06599983568847;1,09140650673677;210;"Wallinga-Teunis"
"903";1,06425318294566;1,04368928296068;1,08456437933693;211;"Wallinga-Teunis"
"904";1,05765180380394;1,04479292168675;1,07488328313253;212;"Wallinga-Teunis"
"905";1,05286275437285;1,04135538954109;1,06015398688825;213;"Wallinga-Teunis"
"906";1,052857600446;1,03874593315587;1,06448905649216;214;"Wallinga-Teunis"
"907";1,05670786898018;1,04189329766682;1,06911502452073;215;"Wallinga-Teunis"
"908";1,0648292662294;1,05070258491133;1,07684475503457;216;"Wallinga-Teunis"
"909";1,08084010494597;1,06974231397594;1,09681048566761;217;"Wallinga-Teunis"
"910";1,10249954016902;1,0868666565534;1,11210179004854;218;"Wallinga-Teunis"
"911";1,11374621591537;1,09913893329458;1,12462941432931;219;"Wallinga-Teunis"
"912";1,11891718780849;1,09865731604173;1,13517761488582;220;"Wallinga-Teunis"
"913";1,12409266129811;1,10400815217391;1,13724864130435;221;"Wallinga-Teunis"
"914";1,13271256341275;1,1166809832166;1,13830447997886;222;"Wallinga-Teunis"
"915";1,14571820664358;1,1322695266658;1,15679358456122;223;"Wallinga-Teunis"
"916";1,16340904689358;1,14822148523865;1,17783847054233;224;"Wallinga-Teunis"
"917";1,18651251561327;1,16826220684352;1,20652633602461;225;"Wallinga-Teunis"
"918";1,21072918394275;1,19913929440389;1,22596411192214;226;"Wallinga-Teunis"
"919";1,23188670912358;1,21933557513915;1,25362360853432;227;"Wallinga-Teunis"
"920";1,26334179043378;1,25218645016797;1,276718924972;228;"Wallinga-Teunis"
"921";1,28616428458753;1,28132665691459;1,30421402047935;229;"Wallinga-Teunis"
"922";1,30472625654884;1,29949717995105;1,31842609343407;230;"Wallinga-Teunis"
"923";1,31928102187006;1,3097151989314;1,32785039595458;231;"Wallinga-Teunis"
"924";1,33553541324725;1,32270020442627;1,34575371078126;232;"Wallinga-Teunis"
"925";1,3454702866944;1,33534131205674;1,35570035460993;233;"Wallinga-Teunis"
"926";1,33229777796986;1,32694519490544;1,34556927827094;234;"Wallinga-Teunis"
"927";1,32429351127272;1,31498223736678;1,33672877546582;235;"Wallinga-Teunis"
"928";1,32301921122339;1,31558868963664;1,33066693532138;236;"Wallinga-Teunis"
"929";1,32918545722422;1,32326666666667;1,33646666666667;237;"Wallinga-Teunis"
"930";1,33358602389271;1,33336843097812;1,3392004023133;238;"Wallinga-Teunis"
"931";1,33001577731311;1,32951360504496;1,3372226439332;239;"Wallinga-Teunis"
"932";1,3214548621913;1,31889571190674;1,3283201498751;240;"Wallinga-Teunis"
"933";1,31658428726248;1,3057015344499;1,32401088155651;241;"Wallinga-Teunis"
"934";1,30167254349585;1,29083321544773;1,30577875229877;242;"Wallinga-Teunis"
"935";1,27705485202756;1,27016502292586;1,28179340773423;243;"Wallinga-Teunis"
"936";1,24669344604036;1,24456743053338;1,2534294155222;244;"Wallinga-Teunis"
"937";1,21727751722809;1,21045990742123;1,21951060176198;245;"Wallinga-Teunis"
"938";1,1796105037667;1,17473331679484;1,18313428075274;246;"Wallinga-Teunis"
"939";1,14088908987644;1,13663037974684;1,14725485232068;247;"Wallinga-Teunis"
"940";1,10668771407581;1,09990796436906;1,11586217664267;248;"Wallinga-Teunis"
"941";1,07836722902575;1,06915932383452;1,08743360204974;249;"Wallinga-Teunis"
"942";1,06018294067946;1,05150520914321;1,06767376768776;250;"Wallinga-Teunis"
"943";1,04735022245021;1,04097894406034;1,05312696417348;251;"Wallinga-Teunis"
"944";1,03986628089735;1,03639891895289;1,04725024354986;252;"Wallinga-Teunis"
"945";1,03851975309687;1,03618855636533;1,04569468134595;253;"Wallinga-Teunis"
"946";1,04218780515992;1,03611504675545;1,04660826170461;254;"Wallinga-Teunis"
"947";1,04125211703223;1,03498675137275;1,04728562763376;255;"Wallinga-Teunis"
"948";1,02560957158747;1,02143710373978;1,02999326166192;256;"Wallinga-Teunis"
"949";1,0091782640669;1,00428012101797;1,01319184908347;257;"Wallinga-Teunis"
"950";0,993661709694384;0,990914153404262;0,998785867112166;258;"Wallinga-Teunis"
"951";0,981316113762176;0,975801175826393;0,987447765065276;259;"Wallinga-Teunis"
"952";0,971890444533851;0,96973297259146;0,978951005764028;260;"Wallinga-Teunis"
"953";0,971019646235661;0,966132781072142;0,975079710360857;261;"Wallinga-Teunis"
"954";0,990348776101519;0,984609955423477;0,994054234769688;262;"Wallinga-Teunis"
"955";1,0271277487568;1,02320643976654;1,0322914617352;263;"Wallinga-Teunis"
"956";1,07590662496847;1,0732135523614;1,08423254620123;264;"Wallinga-Teunis"
"957";1,11386508022292;1,1102594667966;1,12314579562857;265;"Wallinga-Teunis"
"958";1,13727337311012;1,13375273880768;1,14262974590405;266;"Wallinga-Teunis"
"959";1,1358912401571;1,13078400639253;1,13957142418096;267;"Wallinga-Teunis"
"960";1,11464743344482;1,11150091519219;1,11824428368053;268;"Wallinga-Teunis"
"961";1,07914171332924;1,07479341641831;1,08069832023842;269;"Wallinga-Teunis"
"962";1,05251347886453;1,04646276392045;1,05797569506497;270;"Wallinga-Teunis"
"963";1,02703903533536;1,02077218549807;1,03070046706312;271;"Wallinga-Teunis"
"964";1,00309397558678;0,995588644586696;1,00328036839309;272;"Wallinga-Teunis"
"965";0,96806425557387;0,964556325997387;0,969791980705457;273;"Wallinga-Teunis"
"966";0,93956071276551;0,934988388529887;0,941589887924071;274;"Wallinga-Teunis"
"967";0,917269815826777;0,912563350569834;0,919338967353554;275;"Wallinga-Teunis"
"968";0,898857058671375;0,897918171965318;0,902992748761354;276;"Wallinga-Teunis"
"969";0,889969374318374;0,886771815161909;0,897017041618279;277;"Wallinga-Teunis"
"970";0,882559973336944;0,879625722215928;0,887681970091764;278;"Wallinga-Teunis"
"971";0,878095648585137;0,874658271288972;0,884724726617031;279;"Wallinga-Teunis"
"972";0,867174760085078;0,865414718745287;0,871131051123511;280;"Wallinga-Teunis"
"973";0,850187220341972;0,84684;0,854209811320755;281;"Wallinga-Teunis"
"974";0,839891773796212;0,836905782896349;0,847604753736829;282;"Wallinga-Teunis"
"975";0,830520728538993;0,824252566189416;0,834465003488024;283;"Wallinga-Teunis"
"976";0,817735206830532;0,815088876918934;0,819739765688123;284;"Wallinga-Teunis"
"977";0,808684710396679;0,803354665214283;0,81233192633693;285;"Wallinga-Teunis"
"978";0,799544264064339;0,794661602209945;0,80416091160221;286;"Wallinga-Teunis"
"979";0,79014944349987;0,786180317364592;0,792542685914591;287;"Wallinga-Teunis"
"980";0,782855180855691;0,781939343799185;0,789868436982929;288;"Wallinga-Teunis"
"981";0,775040031296528;0,770965299684543;0,777356466876972;289;"Wallinga-Teunis"
"982";0,769329279110796;0,76495595006198;0,774677926332566;290;"Wallinga-Teunis"
"983";0,760276416763835;0,75478150430406;0,763535443812033;291;"Wallinga-Teunis"
"984";0,751728454410604;0,745877014172005;0,753621869539895;292;"Wallinga-Teunis"
"985";0,732450179214653;0,727347161572052;0,737939220067026;293;"Wallinga-Teunis"
"986";0,716788247544298;0,711607589241076;0,724025097490251;294;"Wallinga-Teunis"
"987";0,726091715680268;0,717615761108667;0,72792014958205;295;"Wallinga-Teunis"
"988";0,755826910384373;0,747512551346417;0,762284019038925;296;"Wallinga-Teunis"
"989";0,788076446843024;0,781213651668197;0,791915365779002;297;"Wallinga-Teunis"
"990";0,817345055248722;0,812986562635457;0,8209796272215;298;"Wallinga-Teunis"
"991";0,855489767766009;0,849848200732208;0,862197517635503;299;"Wallinga-Teunis"
"992";0,915941415668973;0,905555555555556;0,922486033519553;300;"Wallinga-Teunis"
"993";0,983224429766715;0,97627087706489;0,993209820206261;301;"Wallinga-Teunis"
"994";1,0181573264653;1,00827708783297;1,03355156587473;302;"Wallinga-Teunis"
"995";1,02846243614914;1,0195177956372;1,03770864611852;303;"Wallinga-Teunis"
"996";1,04023146092345;1,03181989607777;1,0480640295005;304;"Wallinga-Teunis"
"997";1,04903860282933;1,03930008210181;1,0549302134647;305;"Wallinga-Teunis"
"998";1,05234976210302;1,04334458347053;1,0596373888706;306;"Wallinga-Teunis"
"999";1,05880393583786;1,05223535667539;1,06739610602094;307;"Wallinga-Teunis"
"1000";1,05303469653146;1,04110736893361;1,05832251257913;308;"Wallinga-Teunis"
"1001";1,01124827867675;1;1,0176408055199;309;"Wallinga-Teunis"
"1002";0,949243663824772;0,938582891583763;0,955992665746859;310;"Wallinga-Teunis"
"1003";0,90095822601623;0,893247086083415;0,904983499508496;311;"Wallinga-Teunis"
"1004";0,86818199666868;0,861555217831814;0,874398851739277;312;"Wallinga-Teunis"
"1005";0,840806851967588;0,832902740755929;0,848000820176338;313;"Wallinga-Teunis"
"1006";0,796369904462242;0,79206713527471;0,800184693731172;314;"Wallinga-Teunis"
"1007";0,767441471977886;0,76253125;0,77341796875;315;"Wallinga-Teunis"
"1008";0,771292311943035;0,761884096089777;0,779041732421533;316;"Wallinga-Teunis"
"1009";0,791741967260285;0,779872630331754;0,801799466824645;317;"Wallinga-Teunis"
"1010";0,811742455207325;0,796402877697842;0,818126368470441;318;"Wallinga-Teunis"
"1011";0,827153274041454;0,813755941195976;0,834276555764342;319;"Wallinga-Teunis"
"1012";0,838910285824383;0,829717615419095;0,847834491259525;320;"Wallinga-Teunis"
"1013";0,863167379653925;0,84929466167174;0,871514282369469;321;"Wallinga-Teunis"
"1014";0,902537635637257;0,888428233241964;0,909375778719163;322;"Wallinga-Teunis"
"1015";0,934152165845417;0,928843941717791;0,940730444785276;323;"Wallinga-Teunis"
"1016";0,960617983269169;0,955860284605433;0,969130012936611;324;"Wallinga-Teunis"
"1017";0,98329180716247;0,977530338239091;1,00179447456752;325;"Wallinga-Teunis"
"1018";1,000926450494;0,998434867141931;1,01813026571614;326;"Wallinga-Teunis"
"1019";1,00978049876628;1,00541705038811;1,02492106301802;327;"Wallinga-Teunis"
"1020";1,02537313026264;1,00935862159329;1,03978970125786;328;"Wallinga-Teunis"
"1021";1,03989332762877;1,02953728661276;1,05633423180593;329;"Wallinga-Teunis"
"1022";1,04931211721329;1,03921055947581;1,05982547883065;330;"Wallinga-Teunis"
"1023";1,05799123796184;1,04370998116761;1,07035467671061;331;"Wallinga-Teunis"
"1024";1,06174366403219;1,04558273022211;1,07070439231345;332;"Wallinga-Teunis"
"1025";1,06535651334666;1,05195345472085;1,07248884601471;333;"Wallinga-Teunis"
"1026";1,06828362459115;1,05412208749406;1,07302960057061;334;"Wallinga-Teunis"
"1027";1,07274980932096;1,05782266650893;1,08179048858393;335;"Wallinga-Teunis"
"1028";1,08214537184114;1,06815545923149;1,08877401593252;336;"Wallinga-Teunis"
"1029";1,09172596205154;1,08116046672828;1,09864544824399;337;"Wallinga-Teunis"
"1030";1,10310564738185;1,08865332428765;1,11277702397105;338;"Wallinga-Teunis"
"1031";1,11641432080089;1,10124607094746;1,12501122586439;339;"Wallinga-Teunis"
"1032";1,12399599988093;1,10666573504751;1,13613471212968;340;"Wallinga-Teunis"
"1033";1,13304354540269;1,1168589879314;1,14285411814525;341;"Wallinga-Teunis"
"1034";1,13937928943953;1,12633305776584;1,14929213599256;342;"Wallinga-Teunis"
"1035";1,14747435137047;1,13850282201169;1,15140092723241;343;"Wallinga-Teunis"
"1036";1,15255160236269;1,14404516950813;1,1637051734274;344;"Wallinga-Teunis"
"1037";1,15757864640058;1,14763478668542;1,16820909517112;345;"Wallinga-Teunis"
"1038";1,16900804580255;1,16087302308671;1,18088756589711;346;"Wallinga-Teunis"
