1585864800-1586123999:6.106733592465457,5.952897356486064,18.511778835562826,118.34516902277147,42.819920621240456,8.757836202173687,3.677934789173693,0.0,14.982893789831124,47.7686167806759,107.20799625323527,535.925331528462,457.3196326245589,41.84363195259845,22.996512265348585,0.0,1.3784882299046322,36.17268544522796,261.68164118341866,192.49497398628176,464.57048749947677,114.19925195006515,179.7555738480287,0.0,19.66590542040577,34.61274897978668,111.33570458016256,359.6692640229657,197.62943030584756,135.0558649492342,82.83186001050956,1851.1011574966246,7.4852218223700895,21.11117898081827,348.6278319827692,125.90467627883501,340.3508857843144,139.65708729751378,58.81858798037968,0.0,6.106733592465457,2.6331689492205106,32.35446765061726,70.28978090761527,64.74076511011913,308.26722782628735,124.66821708605927,312.3980429837235,0.0,1.6710115127850484,22.171453992469946,29.638051159442767,48.77680706185829,61.84487662605284,154.3016119794184,213.114162209514,0.0,0.49650718601613036,6.24965392924436,4.897544278477527,27.944858196830715,32.00705825884528,13.524039081004641,524.7853168322114
1585951200-1586210399:9.340511692255479,6.474186620114332,17.10963305555083,89.5832590558717,14.105220117948114,8.459998141511385,1.1468251818371902,0.0,12.22591733002186,51.42831076849505,106.36578349138415,382.25720655131613,333.394514727345,37.77267987905092,25.117480682461935,0.0,0.0,30.001103565575267,265.34173228465653,174.95547729934069,420.7680925962005,79.51196703599354,131.53688784405455,0.0,16.783350658377863,36.747672639728904,127.16202848432835,256.08972255361266,169.7941674147182,70.96351407469867,27.30434135562157,1851.1011574966246,6.106733592465457,21.40233894531587,341.47119057358606,88.90704634246707,334.1995153307909,80.61034247811766,80.61289190693431,0.0,6.106733592465457,1.6710115127850484,25.667118181584623,44.146390637680426,58.50497982016252,186.84487364482038,133.83918489275854,312.3980429837235,0.0,4.057576754591609,17.461866072827036,15.133461968876896,44.72784801893773,26.622871139845486,104.40222831237647,0.0,0.0,0.49650718601613036,6.550446025159475,3.9933709338784262,21.792206885977862,34.62402430466196,7.712682776674362,524.7853168322114
1586037600-1586296799:9.340511692255479,10.488792613257152,28.340882093541353,103.61406944119064,17.49835386771992,20.36689748642276,1.1468251818371902,0.0,13.697200275249902,30.862089371162106,196.52292874271583,437.818154006909,369.2830395859761,51.393789345891825,25.117480682461935,0.0,1.3784882299046322,26.09853494380599,757.9520443579821,189.26954412160205,472.46016897243317,89.73265558673215,137.46748140735338,0.0,18.299867335592083,34.819640448447856,204.3175101382163,292.6521548350704,152.09985247032262,70.68947165606875,47.73462830196633,0.0,7.610800124588732,18.24345696662517,969.3230955723087,100.96770882383608,383.8174559750698,91.67687546132713,37.3130693628942,91.55115549686056,6.604969824688295,1.0552400698178537,101.9705252067876,49.25768805273795,42.275367224386386,169.30621000102414,95.02209208751187,312.8962792159464,0.0,5.277009056936721,49.288103585340124,17.78025007315135,41.74371429381278,24.535900096679036,106.60685749620642,414.48406629812894,0.0,0.49650718601613036,22.414209999412822,7.508733591270284,21.00938033565951,29.185655703046457,13.478549794357253,788.3022338889084
1586124000-1586383199:9.340511692255479,10.488792613257154,26.264307512585866,87.71193297019707,15.33618386353103,18.91933557069605,1.1468251818371902,0.0,13.6972002752499,38.68122808129174,197.79761952553858,405.9490303059496,363.8632881049889,39.71091429324912,17.60271748988653,0.0,1.3784882299046322,23.556818712634676,766.0162913285817,196.60431585387346,464.7618973821327,76.57419030466349,21.1099704124666,0.0,21.491262579134403,34.497747859082146,199.69628223932244,264.44151389086244,128.60565652777603,66.16080123037223,27.825878115414497,0.0,7.610800124588732,18.504181769432225,986.931877882619,104.75786446565418,421.7938538502132,83.7318730189711,37.3130693628942,91.55115549686056,6.604969824688295,1.0552400698178537,108.64977798392603,53.430899274681785,40.87758063007461,184.14452126833834,66.38984147267594,0.4982362322228374,0.0,5.277009056936721,46.11233677158949,26.36453464013087,38.90692560435662,16.881249232871795,74.7839550460809,414.48406629812894,0.0,0.49650718601613036,22.79346688454161,8.795363006388662,22.933998958757176,31.985113164963145,13.478549794357253,263.51691705669714
1586210400-1586469599:6.106733592465457,7.812672352703677,20.10699826343828,59.92407251953788,11.865141572814265,15.722051601354297,0.0,0.0,13.697200275249898,52.2847698345401,160.0224608062217,269.84981966069415,246.505452569241,31.021172219778066,3.677934789173693,0.0,1.3784882299046322,31.447656512502324,686.4418591718363,121.3326781861297,311.1223276124983,66.56092321000247,16.964397930819917,0.0,29.04054225692534,38.31262961964666,152.46571867731288,185.05674214011015,76.98953602857517,53.76746657788715,26.679052933577307,0.0,7.610800124588732,23.306163384954413,893.2953348310954,79.11249597794607,287.5903943093716,69.59808227124763,5.763316418165787,91.55115549686056,13.268018095804594,1.0552400698178537,101.55827960400443,41.297144016148096,27.222394022307864,170.0884562922365,52.942268143517445,0.4982362322228374,0.0,5.27700905693672,48.507176003816404,21.09604263922952,29.966752168393608,17.936607498887227,62.005997527205274,414.48406629812894,0.0,0.49650718601613036,20.893513104824482,7.850605551033424,18.412513698130606,24.74124725820502,5.76586701768289,263.51691705669714
1586296800-1586555999:7.653182980836437,13.12606572305557,5.411946439454787,34.07541118316831,6.160318525203476,9.542836650637778,0.0,0.0,22.07465909320353,56.651314695213614,45.01860488214504,139.51968593093346,140.9666927700772,16.041504878880843,3.677934789173693,0.0,0.0,31.61592584306225,182.32355786364647,73.468333775856,191.82591666148105,49.602935992912386,9.441251207339478,0.0,35.871551686507985,49.07057989606797,55.98044722257017,105.55920039348283,51.668214161491115,37.27888639532155,5.4542540677555005,820.3566871571566,6.106733592465457,27.14484919325286,237.0744068344451,42.62966782003851,205.65603211195423,27.481241459319115,8.398560392843432,0.0,12.769781863581757,0.5570038375950161,27.207791692523937,29.02807868433647,21.11310833950433,111.11095676043514,32.79142546772103,0.0,0.0,2.943569079401576,18.832477108407385,15.49556796168286,21.615895154251653,15.920757246737619,32.830776539904114,91.55115549686056,0.0,0.49650718601613036,4.613218135206667,4.84839125676752,9.750914329020327,19.32727929358678,0.0,0.0
1586383200-1586642399:15.263983105425169,16.356455412239225,4.5871914276974834,32.787803559994494,5.510028084329483,7.146870779891763,0.0,0.0,25.08279215745008,59.93126734312143,22.223627217137746,79.92691827302608,55.09442109066697,13.121362812580802,0.0,0.0,0.0,26.664464854888333,112.04583875904162,29.35905414680789,105.5866261287453,40.52781900709149,2.0853816289920935,0.0,43.48235181109672,52.96318326554914,33.25465424184885,66.03738709822824,32.82434215088336,10.900562563992668,1.0426908144960467,820.3566871571566,6.106733592465457,28.659348836801946,158.12273059626418,22.656210311060892,121.61022892202918,22.45684264528943,8.398560392843432,0.0,15.823148659814484,0.5570038375950161,16.08707111536247,14.595112587397557,6.923310546177402,55.12175950317485,31.616159837627656,0.0,0.0,2.943569079401576,17.99345400830343,5.230759292610453,14.387196969062709,10.446867614300128,26.27294820226128,91.55115549686056,0.0,0.49650718601613036,3.421785726358161,3.162575333982179,4.800247261077442,14.543567116938613,0.0,0.0
1586469600-1586728799:21.872418628053275,18.644564152308384,8.042302005229262,31.874830198292155,7.280243301128298,10.466461972379435,11.969079752467056,0.0,27.570460116254168,74.35045240018673,48.22970165701045,66.45463365069025,63.290365914931655,12.411769619732349,0.0,0.0,11.360448702741188,27.56604232572054,223.21368490506654,36.56370888732748,87.89822845780822,43.45690659053977,2.0853816289920935,0.0,54.65001548933649,60.01342024037908,67.68696051025208,59.13925975459412,34.90411542320388,12.293329174418021,2.879893548469139,820.3566871571566,17.592760597425286,37.970867979492745,317.90827714324894,19.291852239081702,102.38873082569181,27.28977288220127,8.398560392843432,0.0,9.160100388698186,1.5690602259705513,35.9251675235819,15.805732359517561,11.429279032296376,62.5902907203801,35.597475908759236,0.0,0.0,2.943569079401576,24.455517249174076,10.076324321921163,5.332990158971341,10.566629285358268,28.287771372592434,91.55115549686056,0.0,1.0070053705961126,7.1321987517990335,1.3475478744794012,2.9506390876520667,15.624751948848331,0.0,0.0
1586556000-1586815199:26.613114135705047,20.149810236147363,8.023349188457718,36.4050594276398,4.691530494482446,41.490678459865784,11.969079752467056,0.0,32.08551058836247,54.643386146899374,53.77966599228479,73.31794619418861,61.90812129976965,10.758194508468652,0.0,0.0,12.906898091112167,21.904790315810605,241.07711473448188,39.45155108154708,99.16401368854098,38.245723827522994,2.0853816289920935,0.0,74.646141475198,54.638273291934645,71.40789741125886,63.55829497003558,25.02705441083865,8.154238320017646,2.879893548469139,820.3566871571566,17.592760597425286,35.56928989383088,330.49465468485806,30.732184803846994,120.02631661599527,26.94165280582074,1.0426908144960467,0.0,12.491624524256336,2.5770066987455635,34.58462227924867,19.781950412656087,13.439930970896512,52.307381715420895,34.269905468589826,0.0,0.0,0.5570038375950161,24.066841424770576,10.040763609130497,5.598777490066515,14.996232508894137,18.28098544656768,91.55115549686056,0.0,1.0070053705961126,7.660940946143111,1.4523777130386453,1.3899172389866823,17.125870237422692,0.0,0.0
1586642400-1586901599:25.430338230187125,22.384236814858735,8.182850750022903,54.408864602318765,5.531103943677896,42.85240244786567,16.114652234113738,0.0,36.59402286793951,80.66615063393715,72.48220804563206,121.76507301143415,84.52847659234054,30.712878920721625,0.0,0.0,17.338753117249528,35.721291674738396,272.05303585127393,77.4978099707032,124.91521510909651,49.860633546941855,6.230954110638775,0.0,76.83802299251816,71.67486555314107,86.70855485063421,95.44466442061699,31.122528977703865,10.270270384717902,11.171038511762504,0.0,20.507418913627564,43.00589241535324,373.96093179677956,50.84763803088734,137.08233312472,32.88064139414549,1.0426908144960467,0.0,12.491624524256336,3.956112856749831,41.9548242783451,22.079801694057238,16.005115743985062,78.63607152922556,34.78306708362101,0.0,0.0,2.943569079401576,23.130055267920387,9.991633265779257,6.458899393892749,19.360192678143083,26.16749121748396,91.55115549686056,0.0,1.0070053705961126,9.910648372509641,0.8198768054976466,1.9524637970366991,22.264044834876476,0.0,0.0
1586728800-1586987999:28.58145106218798,22.004222625196174,9.900388692423935,58.431214543781984,8.942859334202081,41.04387713645893,5.320838111740062,0.0,37.80230295857886,75.81552542757608,58.70344159812689,149.80269783962189,92.88153469829211,32.57612598658421,0.0,0.0,7.52475380287932,35.96076176531313,152.5144062604786,74.82300524572221,142.11107649742192,50.83665785975527,6.230954110638775,0.0,58.11822876074899,68.00038331585436,52.1449511857823,104.50327962343165,36.41010310175689,9.248412943461771,13.008241245735595,0.0,17.093611551877657,36.25245677119371,200.47313196197993,53.157596484199374,170.36046276674378,39.49201695923886,1.0426908144960467,0.0,12.491624524256334,3.501060305969312,24.13612433109234,17.064254247887686,11.96822240700494,73.44263414806072,49.80069884796762,0.0,0.0,2.943569079401576,7.196201181887297,3.650960513450113,10.811505065225342,27.170983546619503,21.702963426148493,91.55115549686056,0.0,0.49650718601613036,5.166714966040922,0.7427017347353315,3.7601847568006357,16.971350530127324,0.0,1049.5706336644228
1586815200-1587074399:26.597732014345475,20.36771540798405,9.170265841285913,59.78940574291975,18.4491170761351,3.58238306192927,5.320838111740062,0.0,29.78776719244607,82.2828813967923,64.82877219707001,153.51373739096525,129.6971067064164,32.57612598658421,0.0,0.0,11.660218492593216,51.875633014617435,134.06668526519704,93.68174754162386,160.21260565078265,50.31398397035224,4.145572481646682,0.0,43.437338331960994,71.03833214263878,61.488634391671404,102.4012670311588,55.11773041753868,11.222285533817457,10.128347697266456,0.0,17.093611551877657,34.3462803163046,183.62189421188322,48.5692886929975,184.04336186174416,48.31504090790597,0.0,0.0,9.160100388698186,3.0501176707893167,23.218917344905325,14.080191114699103,10.531984453038122,69.97572930157361,54.52132445163736,0.0,0.0,2.943569079401576,5.908956379668491,6.350320889030845,15.72706519617697,15.11672019271408,23.920919870737926,91.55115549686056,0.0,1.2948873609957603,3.933204126404408,0.8097617842272463,4.434580373093806,15.067507876663766,7.4612687923112375,1049.5706336644228
1586901600-1587160799:25.99902442767922,21.29773554294918,10.933719069338986,42.757033473378144,26.956272472447704,2.6745885589457177,1.1752656300933797,0.0,32.85358413376974,56.840487110018906,47.383629195399614,111.8896061553127,134.781658234089,3.3514184336250423,0.0,0.0,8.567319715851259,45.166601834106125,100.96989529552845,57.5228756712281,149.2257561804169,18.141071491488358,0.0,0.0,39.78811482480049,59.802394593809595,41.77856192645118,78.2179276987128,61.76412904488699,10.598711395327031,1.8372027339730923,0.0,14.178953235675376,26.924707684107265,138.1599797377779,28.25017232009779,173.78625951086184,32.62932863134072,0.0,0.0,6.106733592465457,2.785019187975081,16.68503434688752,9.026502086281202,9.161318658972768,44.34627053851399,55.18342846669955,0.0,0.0,5.436682912595876,5.99607494716288,5.523069819913803,15.641483106784513,15.262841716213813,18.858484473200512,91.55115549686056,0.0,1.2948873609957603,1.7322860528763184,0.9247829332525823,5.870025034642881,13.794180303033963,7.4612687923112375,1049.5706336644228
1586988000-1587247199:16.23947607305026,19.34440747402507,4.103866800337507,23.484920529689035,24.3177544265136,1.0949896303271378,0.0,0.0,28.662682547777656,63.21234609256335,31.013066472618533,62.13520652705378,110.98388413641723,12.246365876231113,0.0,0.0,8.567319715851259,47.443361318191364,76.2990200748467,44.893323479184005,117.14206491592614,34.04751848638631,0.0,0.0,34.8940898490097,62.53064165168291,25.051206714751626,44.82065857534797,46.49038311160139,6.008015971142926,3.6744054679461846,0.0,8.863710052274723,28.359279842048615,108.47523917814473,20.94788392580748,119.40491702791891,28.98753646565197,7.4612687923112375,0.0,6.106733592465457,2.785019187975081,12.19348780844854,6.343171633395004,8.164809945658206,27.020618724857687,62.74388891487071,0.0,0.0,5.436682912595877,5.233755345617151,4.445772140699261,9.494856905719816,17.18511803350321,25.144487635418372,91.55115549686056,0.0,1.2948873609957603,2.330495096701096,0.8971281654556538,3.8471091067357492,8.681337100012644,52.22888154617866,0.0
1587074400-1587333599:13.482499613240993,22.7576915741512,3.2665587083568686,14.90024821523792,14.99726067430177,1.0949896303271378,0.0,0.0,34.47302580381965,68.18622452966646,20.388580641637105,46.49511084528669,66.90809692836193,12.246365876231113,0.0,0.0,4.431855026137361,27.164998244103458,58.86823452601123,21.378533967259354,82.34678648861467,29.139845609090184,0.0,0.0,35.108189332914286,59.58486768978423,13.389431000833783,35.24396452388819,30.237690071341564,2.23901521462305,3.6744054679461846,0.0,10.242198282179356,31.9698998120123,80.54663863619278,11.824768315748143,70.52444468770145,19.568585513323757,8.636534422404617,0.0,6.106733592465457,2.785019187975081,8.688442038160499,4.261991700198,7.680480283307043,20.043406434359362,59.19852894129435,0.0,0.0,5.436682912595877,3.248017067586375,8.375361855999925,8.671012546495712,16.599862426709446,27.912306425693345,91.55115549686056,0.0,0.49650718601613036,2.0018131441283296,0.7252382774044952,3.5431889696233965,6.130468521681989,52.22888154617866,0.0
1587160800-1587419999:10.706549777069165,18.815454142287102,0.9235586723094866,13.149933067277157,3.370415995150758,1.0949896303271378,0.0,0.0,30.315736862004712,67.87617026831334,17.878684293007606,53.582707197922545,52.75392795572057,14.302665352384004,0.0,0.0,3.0533667962327287,29.34838757166826,55.97242406615641,23.05099411640811,96.6741769697405,30.164163402723087,0.0,0.0,33.316216939185225,59.14709950822236,14.158426025470767,33.530732857556224,22.772766279721917,3.264728096989179,1.8372027339730923,0.0,11.929526993598396,38.476804444849705,75.9064246587234,17.13556514048756,58.82687044099913,30.945455659355822,8.636534422404617,0.0,9.160100388698186,2.4923393504254947,7.238787383813613,5.970038006154427,8.000216714250245,32.39580314919245,58.023263311200964,0.0,0.0,6.304268678571528,2.2979309647275175,9.908625868703774,9.688897007819712,15.884519120075979,28.645934889779113,183.10231099372112,0.0,0.49650718601613036,1.8853517616079385,0.5648826888466989,10.895652568258523,8.932702309918493,52.22888154617866,0.0
1587247200-1587506399:9.160100388698186,13.945353072731383,1.4138450867915513,24.28342904934328,5.694365476015041,1.0949896303271378,0.0,0.0,24.340283323234843,72.81383708886116,17.67048967509859,86.6218326396348,49.727199475096405,18.19397323558066,0.0,0.0,5.810343256041993,26.4880810083068,52.13920506235616,27.102344896744185,97.98585082173108,30.164163402723087,0.0,0.0,32.937911766004824,55.62968300380452,15.794976039990024,49.77246309752864,20.915532211957313,4.172522599972731,1.8372027339730923,0.0,9.172550533789131,37.87026534743318,59.85564306550333,19.13900386558112,63.643236546857764,43.24609138652963,1.1752656300933797,0.0,9.160100388698186,2.4923393504254947,6.767820166447388,25.150216953660227,5.928317368799038,47.326125511966055,36.62026981759411,0.0,0.0,6.304268678571528,1.9189500723906194,10.565555719794743,8.667384860001638,4.845811808452264,21.184666097467872,91.55115549686056,0.0,0.49650718601613036,1.2272542010767786,0.5648826888466989,10.98430576153004,7.151903138759152,7.4612687923112375,0.0
1587333600-1587592799:27.136412438791144,21.13318001253325,9.838363042166202,57.4508617645664,4.34612733850377,21.802330244603937,0.0,0.0,35.20624163155494,79.29951165213471,45.74815049865911,168.12697723820457,77.35534399114665,28.28644450996663,0.0,0.0,14.067613879967888,34.61688538204749,87.99433731976458,61.856358449509464,137.19836273922954,54.923301974312636,5.832229130751411,0.0,60.148216592519255,73.68106426535732,30.772604895099594,110.79425031899159,31.170061715794425,17.882461222243542,1.8372027339730923,0.0,16.061612229883725,38.523196146197684,82.42150666240747,53.041435813429054,88.80355546611788,65.4326302159784,0.6508721442779598,0.0,9.160100388698186,3.2688386721152387,8.987785623071977,52.82802544218981,12.61719512222515,80.31695332793291,35.44500418750072,0.0,4.217755542232788,6.304268678571528,3.8109082102596092,13.2698185074341,12.93937099085266,6.03890926320591,15.15620004810742,91.55115549686056,0.0,0.49650718601613036,1.2827855774064032,1.153304981040872,14.438027853394226,8.559532838169273,35.57117356666306,0.0
1587420000-1587679199:55.78550498507584,63.796869509608754,24.76005182934053,176.97938156747347,31.435541437338564,46.594817346562465,9.549030647152309,0.0,110.12967904903148,163.3167641606976,80.6646659925237,405.2713732661907,186.8188956758249,29.99767048073652,0.0,0.0,38.9843100607079,49.26713015647851,148.0434371890597,194.02982080018808,297.94092922252264,140.50099829108748,9.977801612398093,0.0,183.5236945504867,166.3210807790557,55.109724879556566,339.39572609210643,130.11162016171895,120.2158594378707,19.66983476889623,103.19159328434151,40.643887606206576,69.49855767859158,154.95055335237723,118.164243075003,248.6928698185929,120.44103930157999,9.994046216379179,0.0,9.48139101530354,8.120767075410726,19.645482130926357,113.65603968915481,41.96313479391554,245.3569084815157,113.91483064092895,0.0,10.615096619114611,13.569619325323375,13.32272515693039,35.60634019569155,48.42841813560796,54.692007587952574,138.9597308221322,103.19159328434151,0.0,3.9255628114742827,3.995883751420494,1.7809540194453728,11.643865218085285,23.294686091564113,45.92214985136391,0.0
1587506400-1587765599:109.1559415492103,81.92718837762484,45.77725350170529,257.3022189226751,51.40456393348191,72.39945073503712,32.97139747112193,0.0,135.91894025461707,242.91473597018472,114.84115028211157,545.8167905471107,297.0537082013366,91.43662109196985,28.091690898710084,0.0,47.961734486955024,72.39295882777225,225.47954511620995,259.3157189584808,519.4537165366672,258.8965375698803,39.00868448272026,645.8658216025367,275.36157536353016,231.93821556653836,102.31310946068581,506.3061116314639,237.75535427720706,238.95017152345082,54.3000123168618,103.19159328434151,46.890070057967,102.62428997581416,232.81590261149262,177.467740140274,433.51841472983125,235.7879533512864,45.60994058240979,645.8658216025367,12.534757811536268,22.141113465052413,33.26037891527264,166.28488779677755,82.04044157510567,498.8496432370563,152.6782588837246,0.0,13.28640277297642,13.974591125964249,15.76370111493999,45.130447093833254,82.89129429388424,85.96887958034034,363.91273325636615,893.308899084789,0.0,7.897201753084201,6.879131322450609,7.851961107302046,20.08873008316398,54.909025989932076,56.446272703159636,103.19159328434151
1587592800-1587851999:103.21943377410494,91.81849180330457,49.963398543998224,244.14068631337818,65.64527095265348,71.9186701724437,32.97139747112193,0.0,146.4453736433607,237.4948654770187,99.41085469218375,507.85350664058365,311.56019606024023,94.15041652552013,28.091690898710084,0.0,45.811197455494586,75.95136466116,205.89237735768805,238.3255169040799,522.9584559789331,258.3648340251259,50.501316441201524,645.8658216025367,277.8688960371558,236.02417418008147,100.6046104758597,490.9085993657034,250.98602137321652,230.72625583640428,57.61005079558737,103.19159328434151,48.81948468216095,102.51494044796333,234.13050169617856,157.43081197624562,442.9963677807663,254.08922845060505,50.79129756888325,645.8658216025367,12.534757811536268,24.804523450834566,35.27733007400248,143.97127333973967,78.30064165274894,482.67968719471986,138.88817645959455,0.0,9.068647230743633,13.974591125964249,13.687809575131059,41.049728234247894,80.60047636150627,86.92746597441483,386.31161595445934,893.308899084789,3.0533667962327287,9.473553061691323,9.689421998985674,8.627589091178894,18.325665332824595,55.20341662513932,32.26412962102559,103.19159328434151
1587679200-1587938399:82.32059021170399,62.42490828835365,47.04842222020636,155.63096212895806,45.778257646565365,49.75322202646217,24.073238968247583,0.0,94.07601504613746,167.09069132135977,92.02336463039629,354.14193323721656,246.8851887690876,129.3693355659593,35.44756047705747,0.0,33.56037983529083,62.38623173350383,164.50410230297183,120.71935014658526,397.34813840217544,212.7174699257625,44.20144961797712,645.8658216025367,182.57890895491818,160.95599318221258,100.90640384604848,330.471440503706,181.99352971352891,163.1829501776513,42.48588985506859,512.2200603308085,34.899945762906476,71.204941504343,191.05672461675027,108.54205127016229,318.5153279974499,206.75546043029587,45.12605828595571,645.8658216025367,9.160100388698186,23.375022993437828,33.52774657947452,91.74172310340221,52.81368925981614,359.54139884235394,81.1470144785555,512.0859497556904,4.217755542232788,6.835362462768085,6.407980683381573,19.535031499759636,55.59679226005161,43.6012476842326,288.31018545516747,790.1173058004475,3.0533667962327287,8.511395625255862,9.443623929467275,11.045898970383506,15.496414456144352,41.061502725530744,21.913153336324743,264.50310657174043
1587765600-1588024799:42.66842774388822,55.07168769140112,34.53521133965322,97.63558031610454,31.721213823659607,35.503897825987195,12.048461596090666,0.0,77.94980412927222,99.67106528909488,69.55750407476782,282.0190136061109,174.7188555705393,71.99353300592571,7.355869578347386,0.0,24.49728510309625,48.2678672643275,124.9189606317637,119.12507983575283,226.04980451966105,97.57669413643124,15.170566747654952,128.82924191655113,113.08488602213117,117.63647014910983,81.56425489881714,216.17459622484714,109.86139267589152,29.282948980198046,7.855712307103039,512.2200603308085,48.66060271547288,51.25390052419454,155.64831296166406,77.75344770977318,159.90274251856792,90.31989337453025,9.510163919925105,64.41462095827556,11.831406542559995,14.684865553994282,38.79596106206005,51.83568318392433,22.61336170056423,138.03534164300638,62.50454127910718,512.0859497556904,1.5464493883709796,6.801550347356463,4.171927977914148,9.652792715071689,33.92011409184682,14.051523633265091,70.91541493821128,0.0,3.0533667962327287,4.539756683645943,6.589719386575045,5.420399551289388,9.36499364570432,14.489988439627897,11.38903048452902,686.0968301196103
1587852000-1588111199:37.82240852120557,42.60967243642838,25.793356159843782,97.4862381829919,19.39480172729472,17.505473855290163,10.873195965997287,0.0,65.88194307091365,100.11311529230109,86.01635922209051,281.5581403336848,174.68088545241497,77.69891056887748,7.355869578347386,0.0,15.337184714398065,47.270229472603894,123.0539466987459,119.90836641771136,275.0136630080807,98.3921667777223,9.510163919925105,128.82924191655113,100.99144464086984,109.98262237576515,91.1206384281712,202.4193891352388,107.79567164234932,32.97905322961429,8.276573155627169,512.2200603308085,44.84642865236434,52.96558474647465,143.48245796461882,77.30804746593523,187.3293347054941,73.00376778724694,9.510163919925105,64.41462095827556,11.831406542559995,11.956623684509442,30.8544370308523,59.515964850928405,23.532004015814916,138.39447337015667,88.44861085878263,512.0859497556904,1.5464493883709796,10.413719430868971,6.007549128444893,16.536094319839144,33.162054928967926,14.30393059715302,59.775624749919785,0.0,0.0,2.9634053750388207,3.723897333710356,4.351263237153774,25.40598198437338,12.896043207738735,11.192168119560938,686.0968301196103
1587938400-1588197599:38.791529712589806,34.04049733794523,16.75841671081139,88.08460267541352,30.320988654274444,16.022920309746905,13.885664330063758,0.0,54.19636717184645,99.66040342299563,66.01007539467358,241.60348316112203,165.80619401634087,48.314501417142104,0.0,0.0,2.6713061538618086,42.0391310733623,108.58681181503619,131.9611551151589,235.90030515379212,64.33408154745902,11.664458261502823,128.82924191655113,98.7424864192445,96.52253777122051,74.22760304300097,165.57430614633475,92.32514849228531,89.45331713976068,7.218093356134358,512.0859497556904,32.54159721586311,55.81456336959973,130.3377593327589,70.64828035018468,167.63810616172213,78.77503608334192,5.832229130751411,64.41462095827556,14.884773338792723,8.107423800171876,24.426072025892182,52.30190665044989,22.483222494873452,120.84136748676323,67.05800928251368,512.0859497556904,1.5464493883709796,10.413719430868971,5.59209093030177,14.03398539310081,34.25117962278015,15.322601770672344,43.976018867656464,0.0,0.0,3.473903559618803,1.91329734265758,1.5088904882393668,25.713810288816358,20.283337206345003,11.192168119560938,524.7853168322114
1588024800-1588283999:30.90257224867566,25.875064413885887,7.297693077896176,52.57398380876198,26.681199915066514,5.808809802895063,3.6633405083444317,0.0,38.191549186847425,117.63408301704466,47.717795654808526,168.7155920516891,150.96644918142326,48.344161332223955,4.796444625924642,0.0,0.0,46.5369759664022,70.29076916400301,66.32746314567034,203.9990951575527,67.72472058160574,15.810030743149504,0.0,77.97935232455114,87.2979290099959,41.180889641828095,123.9687981521354,79.57213218740915,87.90489583750264,15.509238319427723,512.0859497556904,13.942498719876799,51.25589860323549,79.39326072735474,35.42511697435644,147.91850177943925,72.23191476541436,6.483101275029371,0.0,13.591955414835546,6.158243876197059,5.927716974948317,21.9517205010043,16.1416882647601,109.42973775222978,71.86551886804007,512.0859497556904,1.5464493883709796,7.9348443209183515,4.437384166109314,14.455897468429848,20.827945886240606,19.937169522566236,53.960138035669225,0.0,0.0,4.978644312206031,1.2767137542449012,1.3414824195921322,23.243344825888325,15.245204055826628,11.192168119560938,0.0
1588111200-1588370399:28.020017486647752,23.518698638473474,2.8854877851722356,36.393106985804174,20.451381101545604,6.099562555986619,16.00803886871949,0.0,32.317678855177554,107.192068233006,33.00162877751979,120.09817826002924,105.23298363640473,40.590711569804604,4.796444625924642,0.0,0.0,51.89573409349184,53.08297311933168,61.27654744628034,143.01086215358382,76.72955363393228,9.977801612398093,0.0,69.6174380183152,77.86214718277,24.089571334468715,104.67615750961376,56.89539779733205,81.00429384062323,11.778338992178023,512.0859497556904,13.621208093271443,48.23107870864778,78.00108566038503,27.762703581864912,101.31198040597974,86.14751019377022,0.6508721442779598,0.0,13.591955414835546,5.901628988990525,9.348102004582062,16.42363150207852,14.849619334287413,140.33855757538316,43.29861972330873,512.0859497556904,1.5464493883709796,5.827128896196987,4.166510218328266,5.57756556677281,22.677396558101886,20.524594342714387,40.98417787751626,0.0,0.0,4.978644312206031,1.4643738108663455,1.0465684576567236,6.665774372457495,17.499181107326176,30.54919921992853,0.0
1588197600-1588456799:25.45335501509596,29.252406911763,0.6656961045674764,17.789452675059426,26.074672567546266,5.525859964705181,18.298219800275188,0.0,42.43940165442451,111.89970530245792,32.33591547535904,89.83104892244431,79.92483597087654,23.19855047919383,4.796444625924642,0.0,0.0,56.01210075501188,49.72616909470049,39.16967037969023,133.87221340545705,67.64969773389886,4.145572481646682,0.0,65.19623610791025,75.41119429776185,22.517083250886834,83.62541564746512,50.18993178512678,39.90412427548358,23.70170005294842,512.0859497556904,16.67457488950417,48.78668470951418,62.23046935795152,20.06789906653477,89.72912891877061,77.00510284197283,0.6508721442779598,0.0,12.042655150726095,5.4465764382100055,7.978667047128154,14.54546836581898,13.192550026678592,118.71120664767031,63.18428189981858,512.0859497556904,1.5464493883709796,4.8191824234219744,2.5748434491542715,6.832741667398075,13.865047383808053,16.111182940046564,39.941487063020205,0.0,0.0,4.468146127626049,1.890512298869271,1.0033378775198132,5.483332818372423,10.562841436165861,30.54919921992853,0.0
1588284000-1588543199:25.45335501509596,25.712388413685257,1.9009900417693222,16.130716045931557,29.768062064639754,24.350669476602416,18.298219800275188,0.0,36.59980571994661,74.04287660363893,34.24132581364567,57.12305253789886,87.03557240257099,13.526307700091204,0.0,0.0,0.0,47.80687249186101,37.30383667132631,29.069094375185305,144.16474674312002,55.67616422557658,0.0,0.0,70.907778880193,64.51618702718834,23.617837856490763,55.16790643211464,54.223560691354365,50.488475542473246,14.235289459561676,512.0859497556904,13.759916573301894,37.05936748828408,57.8350532365569,16.834572001623876,98.50817846935433,75.03381631895034,0.0,0.0,7.610800124588732,2.777234849973734,8.172805160366428,13.541386458427342,11.001370837001089,101.98076338521781,76.82381823908028,512.0859497556904,0.0,5.530849861409027,2.3791528474999657,6.052157143169398,14.314297689180368,11.389489471207071,33.76261999542725,0.0,0.0,2.9634053750388207,1.7180333788311808,0.8646949028451638,5.5661156107925605,9.77662069795672,30.54919921992853,0.0
1588370400-1588629599:73.52694378328597,64.2090615146087,6.694362647269475,69.0729780895871,42.72524216801507,38.3124880329125,5.302649295622171,0.0,91.4806995226023,149.85008775878129,48.35444329042033,145.05291314138597,126.53118692226423,25.57778079850337,0.0,0.0,3.3315241355581495,60.639489801594266,72.86198296745901,51.47417366340484,202.8390369058778,88.80793018610355,11.033804367521078,0.0,189.0606773826732,150.01593909103076,34.01345964190215,150.66637473234883,79.32208135373234,63.1924160605883,15.92885241833568,512.0859497556904,20.935617881436713,71.51806221734218,103.89093091482782,34.53322212896211,159.56999269842268,152.2231114700561,0.0,0.0,16.71013049752135,9.723408967258354,8.985456359407188,33.65001921363131,12.681050091863971,109.44613648915609,78.09105057866134,512.0859497556904,6.889061696094597,6.552787332747892,5.173053845493062,18.84573224031723,19.54834308687581,15.358466367499279,45.23134394185411,0.0,0.0,3.473903559618803,1.9304155785219048,2.781336884552491,13.814118018843676,18.689998697856986,10.147513689230877,0.0
1588456800-1588715999:73.46273667493725,71.32148215734276,7.160299807162391,81.44589410660865,42.67055831353972,40.589532710550614,0.0,0.0,104.18559424511447,148.06857576723036,52.43417230643486,167.20021127849535,135.2436529911701,25.843837323508588,0.0,0.0,6.384890931790878,63.123903195771234,80.01671079119076,78.93831305267427,206.4439910823409,93.16786778638816,11.033804367521078,0.0,191.16285523285038,153.84229013608504,34.46163391290261,167.4325464241211,84.72699468951586,71.76798035380571,14.09164968436259,1332.4426369128469,27.042351473902176,78.03320315000457,110.45660726853825,35.656316128791254,167.87574309987536,165.42439815981956,1.1752656300933797,0.0,22.69128578776817,10.954960839728617,10.774226721216888,38.16559397056059,12.552837790891441,135.096758895964,36.84994705632858,512.0859497556904,6.889061696094597,7.0492945187640235,6.08106674531637,18.8882128212187,19.985346980861117,14.75809604303056,47.42085993818735,0.0,0.0,3.4739035596188033,1.4396364007675027,2.625065897291732,13.973211177412173,19.167490675754564,10.147513689230877,0.0
1588543200-1588802399:73.46273667493725,69.04770040360344,5.413479321651217,79.61349194373948,39.78389198973881,25.551458851283158,5.832229130751411,0.0,109.11404235629279,156.58847735822036,49.128800192472774,183.70372312574955,131.79404556025253,25.886043504601957,17.496687392254234,0.0,6.384890931790878,58.650946098367484,81.1266621389481,84.42446484015,218.307204525084,102.55886023952569,11.033804367521078,0.0,189.52136143152188,160.40505687183358,38.70065444596801,177.41503673053256,79.87429959823376,97.19276205691415,14.09164968436259,1332.4426369128469,27.042351473902173,78.27461993856029,109.54027772010222,38.706199004795415,176.09540865600803,176.4771869023784,1.1752656300933797,100.69444277289168,22.69128578776817,10.954960839728617,14.586006815253372,41.06869208713594,12.055270109763917,149.04702844654744,71.76223694684253,512.0859497556904,6.889061696094597,7.931119007983354,6.081066745316371,20.580176544574524,21.1310085386861,17.086678598214064,64.02439633997557,0.0,0.0,3.4739035596188033,1.6121153208055934,2.966102683325526,14.24364427200127,21.172014532005416,4.264544831625159,103.19159328434151
1588629600-1588888799:41.43905037080453,42.82489314863456,0.48883763982806366,34.33398709106955,25.659323009873567,10.996670213865267,11.134878426373582,0.0,69.36471605684538,104.23138575571308,29.823735596059183,98.97843822934331,81.73456255946026,16.899762266694363,17.496687392254234,0.0,3.0533667962327287,49.69058208102408,55.8768413471321,53.97370985292087,132.99667408232412,65.57662017380957,3.677934789173693,0.0,93.83199318479232,89.1561852091387,20.351542170748758,82.55888734688725,48.059231103793444,76.10614914032548,18.564096393013326,1332.4426369128469,19.866650165767354,51.18136344533083,63.21921836171253,15.649318510383633,106.00941106661965,75.22685136743335,1.1752656300933797,100.69444277289168,15.279284126254588,3.553734171663478,10.582625137724632,13.828886360385127,7.600738044910704,96.95646409548334,76.38478541527401,512.0859497556904,1.5464493883709796,7.931119007983353,4.52261439347597,6.414403227291949,14.344045930121585,32.773122652941325,64.1137865862937,0.0,0.0,3.473903559618803,2.1185225952369864,1.2057316888789584,8.438971527574688,15.398797094653945,2.2291720789834786,103.19159328434151
1588716000-1588975199:39.93498383868124,35.43365320524587,0.6290097595059302,20.165885828504514,26.085404279154535,9.63531906793531,11.868506890459344,0.0,53.415989094812254,94.18950751838935,27.952530383388776,62.54925264945892,78.63351644842804,16.633705741689145,17.496687392254234,0.0,0.0,50.45440304389987,47.217423336032844,28.70533915908267,113.98142807512501,86.48633464814134,3.677934789173693,0.0,80.73851458863763,81.22743760624469,20.23971581074193,58.8162134682068,48.57841780463665,90.55496506287278,18.564096393013326,512.0859497556904,10.706549777069165,46.09860833739734,53.04591198937876,9.656854506056064,80.83769926300201,83.26745555239881,0.0,100.69444277289168,12.22591733002186,3.0986816208829593,8.927999775938355,9.240711857488034,7.703428288635355,114.12222645031004,76.384785415274,512.0859497556904,1.5464493883709796,9.310225165987621,4.2600948836594625,6.7471843182314855,8.947414366608783,33.9497613073055,64.11378658629371,0.0,0.0,3.473903559618803,1.8905122988692713,1.2057316888789584,4.933746477696213,19.325070926466534,9.039568727016757,103.19159328434151
1588802400-1589061599:37.680543504175304,37.01000451385299,0.6061092795707823,21.10500394016246,25.371387939922144,7.565397670397477,11.868506890459344,0.0,54.9652893589217,73.89513603516913,24.343581074331446,44.72799018657781,69.33257582228066,16.25934207244722,17.496687392254234,0.0,0.0,46.65238033686124,36.37789689064971,18.337310442048036,116.65335597199078,80.07435278080405,3.677934789173693,0.0,78.3460458068221,66.46147350484648,10.941698369887641,49.98624894264424,44.233121500209016,85.42208631168037,18.56409639301333,1332.4426369128469,13.759916573301894,42.65187647032779,48.66850744838851,8.0022722748264,67.4674448285394,82.89294165467525,0.0,0.0,12.22591733002186,3.0986816208829593,4.591180662268856,7.666177378964438,11.37700717021455,107.58339620945672,38.00625312922714,512.0859497556904,1.5464493883709796,8.42840067676829,3.4273368579461696,3.543778839641887,7.709205979295319,30.28656995942145,43.180604598270264,0.0,0.0,3.473903559618803,1.5460406199811654,0.8646949028451639,5.068710329537234,15.845148193630141,7.4612687923112375,0.0
1588888800-1589147999:35.86838692156986,28.069670802845188,0.6656961045674764,21.13300296273895,5.291006396663511,5.866851454535879,6.565857594837172,0.0,48.42781939002405,65.79665668999321,18.580868104344255,40.65400885372268,72.38490230064707,12.413398566204865,17.496687392254234,0.0,0.0,43.31340830518598,27.425210100318086,13.677365607218196,110.38267369851864,70.14649944586884,0.0,0.0,73.15923180137857,60.152913112474884,6.667109803729174,44.12263071061941,37.01326726189519,82.69857386863148,24.062544987091407,1332.4426369128469,13.759916573301894,38.66372823017929,42.935097620616226,7.143121295713198,66.20016740321981,75.29211186170332,0.0,0.0,9.160100388698186,1.6105148612061626,3.1936235375660806,7.887247687436086,10.667410578898004,146.2379246832261,49.445308671442454,512.0859497556904,1.5464493883709796,8.6788906752167,3.026443364510217,3.2292893239641556,7.969517665990267,7.6218479125408285,41.59526473394627,0.0,0.0,2.511746123183341,1.2832717385944785,0.6448439152605839,4.7052141083234815,10.084614536196872,7.4612687923112375,0.0
1588975200-1589234399:125.7490336031255,99.7371819870151,9.609125887078491,133.86372210328412,59.75897800452087,68.8072187594706,39.668002097969364,0.0,178.4324185709987,266.50946127482365,51.37680184464409,239.008026617794,271.2381926830026,28.21993372788259,43.45324794385359,0.0,15.318136074042956,75.1193362801034,108.60843316592585,125.30169444110338,526.756536859252,162.41294657795606,15.484499536976784,0.0,286.81360473309365,242.3310768974463,42.37687546648376,292.6285708796237,200.3696906162675,177.52868091558807,79.0685616827798,1332.4426369128469,26.39916881422029,120.30282205498,146.20671003701707,111.7099774168376,441.18883239985445,219.00387396402962,46.17572357593586,0.0,48.33060460497047,12.531122147165801,12.433289075717155,69.72516122385062,74.50115162068735,488.3132754957272,281.55579013628056,512.0859497556904,8.111751623719151,13.493966641722686,8.317480047494472,32.31052673374476,98.32034109051608,66.47876336863722,238.46729304681494,620.8672528668119,5.513952919618529,4.887598340523998,3.361691909011774,7.908504636690131,16.383572884605353,86.73569289937312,60.10338973924104,820.3566871571566
1589061600-1589320799:141.53053978595682,108.69148590923825,12.522586104894934,154.77789588600447,75.56995068684131,78.21648900147304,44.86998645836907,0.0,197.22063740609104,298.43175290559753,63.87216074208797,267.55954144588765,312.3309984535735,30.639520519015786,45.538629572845686,0.0,17.989442227904764,88.19402617470558,123.51073587487987,145.10893096803687,575.5193609750881,211.8725957851187,15.484499536976784,655.1666893071389,315.5185906370806,267.57914568957887,54.573253807595655,319.55029522236225,234.92317904645762,208.7882363597328,86.03166782085877,1332.4426369128469,25.878399691818917,132.9178482547235,169.1864181770982,127.93544712011591,501.03717429420516,240.74065122570767,56.29816031968471,1383.100598492217,54.392104465449755,13.959237449514246,16.179871884146163,82.25210520319686,81.18572394241912,562.5088732036523,312.05344322546205,512.0859497556904,10.783057777580959,15.384024697513116,9.173265214945847,34.34640316207326,113.70633612565605,79.21261702560714,330.01060826405393,620.8672528668119,5.513952919618529,5.76942282974333,3.1336816126440588,7.947809780602197,22.33848485961549,103.62381858726432,61.87970901782285,1062.1274073831191
1589148000-1589407199:145.91716108010806,114.58601162694357,18.14148894502695,153.88271899626756,73.28086412924571,78.87247101015807,46.17173074692499,0.0,211.6834421062417,312.9917593371224,78.48477475544836,270.88053985847927,314.5557123629169,30.639520519015782,45.538629572845686,0.0,20.871996989932672,92.339865250911,126.58902836128694,147.66886843382184,565.0599939934139,213.85296025907905,15.484499536976784,655.1666893071389,324.44635854477616,276.5137714869367,58.80769265732413,321.71977475951064,243.7368376323265,207.28289484046286,86.0316678208588,1332.4426369128469,31.98513328428438,141.69431437897276,178.85554705182835,130.11269413220717,502.27900344709855,238.09389747902895,59.9760951088584,1383.100598492217,56.079433176868804,15.338343607518514,15.418662307095252,82.09981946966516,83.38675268134152,540.1478979873087,311.9208684098646,512.0859497556904,13.454363931442767,15.92660801366488,9.173265214945848,35.91642203199477,112.4925585073043,80.34300551660138,331.05329907855,620.8672528668119,5.513952919618529,4.264682077156102,3.1336816126440588,8.147697792256329,22.44806867660146,104.27206445819941,61.87970901782285,1062.1274073831191
1589234400-1589493599:54.6580261686477,53.59482976862183,10.025199496684158,32.34462485307884,20.985120169759654,18.179947739525296,14.244851873886182,0.0,102.6521772059709,127.05079800164437,45.46577253150019,67.6877948128767,111.56177552563709,13.709894349612293,21.932600281433082,0.0,7.241189627308757,56.62335507775367,50.68939122470622,33.542885680084986,162.5571495001702,95.72634405991482,0.0,655.1666893071389,125.72137299766271,113.31090652421494,24.39248215580622,64.05765482150927,91.25151928072341,96.4517731175115,33.37618238535715,1332.4426369128469,22.5372762869083,64.02265906545776,89.08844168531269,29.150881788494342,141.2513549653185,73.5159903366053,17.478306322096234,1383.100598492217,26.992236775971893,4.417736321558876,9.365851015554822,22.95462499815009,22.340764039504503,184.85987735860033,138.5173623928348,512.0859497556904,6.889061696094597,8.850601399935297,3.6196903793155903,8.122617672964505,33.867429683272,28.560444854678597,154.11165153305922,0.0,0.0,1.3783316752354624,1.5460406199811652,1.040308058087542,11.911127548460682,29.843169133906407,16.118537301220734,241.77072022596255
1589320800-1589579999:41.62321714355234,40.681894726317445,7.07505293380617,15.007548955304864,5.141920978278931,10.558691040305016,9.69373965776443,0.0,81.29114868381701,109.99116396157045,35.537320078447365,43.46911052896979,79.17189218904568,11.290307558479093,19.847218652440993,0.0,4.569883473446948,46.40585710663977,34.59744628800838,27.520386347512513,110.56794547129957,42.16187382809856,0.0,0.0,104.0793362604449,95.02807296110532,13.087763782536005,39.783572182561464,67.09881302831064,66.55786267774405,14.748617985775343,512.0859497556904,13.900795896349956,60.29447991195838,58.99103007741963,25.228501628522555,98.61194178148227,57.915408252370426,14.811480538719639,727.933909185078,17.877370119259886,4.572399921950913,6.273876745346915,12.060351305765684,22.837425622368702,170.14133754725972,104.55172175873545,512.0859497556904,6.889061696094597,10.6620377898687,3.409398601871017,6.052775550545511,7.1773998828106516,17.363835731950843,80.87285828069533,103.19159328434151,0.0,0.49650718601613036,1.677309696304166,2.0101852656169177,6.8723967098643275,16.87559987298157,20.319082284741093,0.0
1589407200-1589666399:35.717228296448454,27.16308479587029,1.4561500936741503,10.593432479710772,4.36255491902788,7.755176539806025,9.042867513486472,0.0,55.05065564791024,82.61176582064047,21.495059539370065,33.172802744675764,59.99184056662833,12.778478926241554,19.847218652440993,0.0,1.6873287114190418,38.267690329987104,25.90338422558103,23.879948534731696,106.42896895076713,45.593956898406354,0.0,0.0,89.60476144792422,70.28586186131085,8.793733010216986,35.52810839097473,36.12568900132304,58.456887938843636,14.748617985775343,512.0859497556904,9.172550533789131,48.195915573325756,52.98290328313549,20.371598619176037,89.38207100862839,55.49297238366089,6.987973267899263,727.933909185078,16.190041407840845,3.7012884571974833,8.864560773643259,14.241404739850418,20.7239031730771,161.7674902406025,109.15027238792986,512.0859497556904,4.217755542232788,6.26023361089493,2.8588206986298585,3.8345410026851123,7.390087907318531,15.189540248644661,68.35908021604922,103.19159328434151,0.0,0.0,3.1459839787523656,1.7222817772236307,5.74679675754519,17.209482232246547,20.319082284741093,0.0
1589493600-1589752799:38.95100639623848,32.01027700263179,0.07843185626477238,12.871356633620344,3.665075254956097,5.7649395801053815,7.133973419307331,0.0,59.24815660295528,80.85470702975213,16.89121737879316,36.42164501109582,49.88187266447993,12.778478926241554,17.496687392254234,0.0,0.0,42.88316989441759,32.04930576793413,29.74178674793967,96.28747562768231,54.89690747962574,0.0,0.0,83.51183806599141,73.35636008870074,7.168773656017763,39.273121535557195,34.200970264494714,61.54375693527229,12.398086725588584,1332.4426369128469,9.031671210741068,48.17612891159517,49.63276976833691,20.7770807167132,74.75840989609588,71.97059647374158,3.31003847872557,727.933909185078,11.449345900189074,3.7012884571974833,7.16306729861664,12.354267961118753,19.932518032247714,153.4798906250703,96.0221270676795,512.0859497556904,4.217755542232788,5.265991042887684,3.6719367545170187,2.202236565694913,7.576175599100544,13.7013688808822,65.72649270655764,103.19159328434151,0.0,0.49650718601613036,3.6367631565067677,5.337769171368363,6.216932539814608,17.422465227009397,18.740782350035573,0.0
1589580000-1589839199:36.036348080036205,31.73023121778038,0.2355131355977618,12.347174191504863,5.117432178306507,6.167663944994576,8.391995369208512,0.0,66.36955078005249,74.58313922149935,17.69449945982375,39.27907004539273,50.312178492259186,12.778478926241554,19.847218652440993,0.0,1.6873287114190418,45.1250313331263,31.446978338675297,18.436887649674,95.52904407877784,58.45072778267444,0.0,0.0,78.80040528854326,71.26862937859904,4.8778474259622975,38.965235040192994,26.003074417618652,82.28590094657089,14.748617985775343,1332.4426369128469,9.031671210741068,44.92862722643018,47.37850528809174,10.850340127696999,75.95162065920898,68.54167686180173,0.0,727.933909185078,7.794062303884499,3.701288457197484,6.485277162203071,11.163546479740308,12.300938941892856,93.82669565592826,103.01493679077645,512.0859497556904,6.889061696094597,5.67096284352856,3.4762461528627124,3.0129549072972805,7.30201832779131,13.806801556935497,57.922259830824395,0.0,0.0,0.49650718601613036,3.505494080183767,4.172315832666162,3.8936766952050563,19.229436692736467,5.976864262102166,0.0
1589666400-1589925599:36.17722740308427,31.498496972899023,0.364918691792966,12.634339628911162,6.189410785832896,8.071641799891339,2.5597662384571,0.0,58.35563231846707,76.25805716911628,18.218953258552354,40.887609993265706,42.348154158876476,11.290307558479093,2.3505312601867594,0.0,1.6873287114190418,49.314040549871066,28.335918747789684,21.709286590918843,88.72281571378274,50.349818144173824,3.677934789173693,0.0,73.5986723038677,76.77997034779324,7.322886576386786,36.414783894523374,25.570620547515595,63.46802677690009,6.762094513446213,1332.4426369128469,7.653182980836437,47.905414511863924,41.30309034351141,9.935736808209613,61.83590154870219,58.86150321992842,0.0,727.933909185078,9.48139101530354,3.7012884571974833,2.6248200757521807,7.232192391688162,10.808598018286883,84.90961192960097,103.812978031481,512.0859497556904,6.889061696094597,5.670962843528559,5.218894700448344,2.995326894711171,5.956996927377396,13.500659142348892,59.61582278959842,0.0,0.0,0.49650718601613036,1.5460406199811654,4.016044845405403,3.8155306295752083,19.122183612511893,15.016432989118922,0.0
1589752800-1590011999:30.060894541266336,29.798577765132997,0.9521829400956701,11.663742944434505,4.991162404330056,6.059146060471843,1.9088940941791401,0.0,53.95873172224256,80.38017646783302,36.708242391499944,44.44104982269991,55.43156064371948,1.241706242858894,13.54322924193586,0.0,7.516645343823599,45.42168092008426,28.980768591766534,18.034031536574194,72.13427165591973,20.51951205727687,3.677934789173693,0.0,66.35748267655897,70.49792539780148,11.821660874053945,38.24755726360813,27.008848760334942,59.34767772410933,14.223893167945613,1332.4426369128469,6.106733592465457,44.78162072065215,75.72555992153671,9.854154298138479,64.39781768861411,34.8917468042888,0.0,727.933909185078,9.48139101530354,3.7012884571974833,2.68971663693707,9.02526648101973,6.741230726475245,82.06899654486656,96.35170923916976,512.0859497556904,6.889061696094597,5.670962843528559,7.760446273111435,3.1001567332704147,6.02564228632261,13.451208648877563,66.27187190434177,0.0,0.0,0.49650718601613036,1.5460406199811654,0.4005574512606715,4.107183776430073,15.129788536307812,15.016432989118922,103.19159328434151
1589839200-1590098399:17.510477371233527,19.600654961671616,2.342393759936911,15.589277672001078,3.7631882465431286,5.949049498979529,11.47202255218025,0.0,26.8124954971785,90.49259444044874,40.80688469786523,37.828584585721075,66.98475268435519,3.0225054140182372,13.54322924193586,0.0,7.516645343823599,40.56322190548888,30.92847068571628,16.42859118806893,90.38257629871826,23.74167412824384,3.677934789173693,0.0,53.25149120713983,74.24718090141802,16.016538990940212,40.05316986586818,37.05181186248161,53.05226135051034,15.399158798038993,1332.4426369128469,6.106733592465457,39.70031345856773,79.81837617918006,8.099381882008762,62.465567851085936,44.35232980505157,0.0,727.933909185078,9.48139101530354,3.766120340900174,4.498908044615078,8.108214842869197,11.277635719435635,78.43789847596105,95.64506958947318,512.0859497556904,4.217755542232788,3.4545546529542785,8.50722593610271,2.1049349412066376,7.50618630275147,14.020011757841033,61.51178212939834,0.0,0.0,0.49650718601613036,1.3180303236134503,0.5844832063183591,4.26347590768977,16.720486153542105,15.016432989118922,103.19159328434151
1589925600-1590184799:85.39815198522511,218.5483255714412,178.5896755473052,607.5490022721067,116.55780995895354,23.06536329399191,20.733414971545233,0.0,375.6347992769919,757.2286700752406,991.6690345824377,3348.122984473128,1482.6084846500244,229.1594348874951,42.527093555335455,0.0,76.7731878824324,289.33311709589617,1067.5242194076807,1323.4188565065883,1633.1436446185662,213.8335751302801,48.42519153170584,0.0,261.4135761322804,639.0756251794887,1119.2789567546795,1732.0934129763646,413.81357766407245,142.68801756111185,14.33520192898595,512.0859497556904,65.85422290004536,430.1614568216598,1677.3744760418022,715.284358057072,1186.6234692104415,203.28357617210855,44.79621263339399,727.933909185078,49.633550152632495,116.59261878337838,185.1122244180189,312.414285768697,134.96016365297248,279.56632583701514,270.8193374386346,512.0859497556904,14.481628823585286,51.881454522646415,102.96620014945591,125.93975942935485,116.27444511889445,23.853633429022402,76.72636767664062,0.0,0.0,11.4306724149695,40.802364315628914,38.786414164896286,53.42839420635902,48.852564353853616,13.438133054413402,103.19159328434151
1590012000-1590271199:95.58108176415442,312.41798983875464,237.51047718508514,894.869702758182,171.1457268487991,32.739847460740414,20.733414971545233,0.0,559.4947911225115,1131.2645732012709,1340.8614705401305,4899.593357192786,2193.498807953628,380.67689750433107,64.2443654646182,0.0,90.66212476002804,434.0865669250893,1473.2405207213953,1928.370586906158,2260.217550570203,257.9656284081673,66.51802305207906,0.0,374.14796709985455,941.8000063014821,1498.171693846363,2566.5557739072947,642.5008641525004,265.04127549445747,43.05906631523297,512.0859497556904,109.40137294582745,637.2123500500292,2208.400432764321,1030.13582167348,1689.0293752273785,238.42461989129814,70.85795379950139,727.933909185078,63.79088331145413,179.5782688133427,244.204308064956,504.2921298264741,216.32890469091853,401.95532417661303,274.43551591637555,512.0859497556904,15.860117053489919,75.60557700533862,152.49074781446149,188.45545135148464,177.83199984352768,40.61172894798356,65.63790382200997,91.55115549686056,0.0,20.943430433645222,56.068063913772185,49.11881014838117,83.16582144398723,58.13236510185561,13.438133054413402,103.19159328434151
1590098400-1590357599:106.46736281205999,367.2404388064471,282.6831811188894,1140.7781882728154,223.232261556609,45.64571120069933,18.63155530585536,0.0,631.7229849301615,1362.4209408622262,1611.6130505424428,6130.512781356155,2841.16207016671,413.7332872390246,64.2443654646182,704.7501518655695,95.40282026767979,548.0259123250651,1703.132498103992,2370.3232210127862,2819.178640213272,312.5081772302351,129.11927616881792,704.7501518655695,419.2273854499888,1156.3364309175104,1779.1533151350307,3296.929548012682,913.4219295971823,274.8491169302014,41.88380068513959,512.0859497556904,127.33957342739654,791.1871788849717,2547.2906509456184,1277.102823671991,2140.486699633949,266.2772325305547,101.77521729323703,727.933909185078,66.70554162765643,205.04027125712662,276.21872898785733,600.4441032494415,256.3827472163289,489.57583904687607,265.7989814939709,512.0859497556904,17.54744576490896,108.34950974144562,178.72430942565515,217.58302503775627,296.1374132014585,52.74388095287052,96.19511831170911,91.55115549686056,0.0,25.800449010692773,62.45521001562595,55.880090567930345,107.3032374698118,64.5402902515446,13.438133054413402,103.19159328434151
1590184800-1590443999:76.397151380854,272.87605081817446,217.41821067465017,833.3888351012383,156.54919957353235,52.19266140284679,9.370162886490377,0.0,461.6125449134196,1094.2143782606863,1125.8601843830581,4363.88728911704,2211.032808698575,361.5167943584838,36.83880108592411,704.7501518655695,48.699980533562304,444.89949762996997,1161.0974964155164,1691.850370453899,2084.7283799740308,338.4652991238558,82.52022241148342,704.7501518655695,339.5391667718267,938.7688068850426,1168.6487863714417,2531.8024906056266,769.5442702722995,240.46356802384244,41.00439368698522,512.2422207429512,97.40762745537414,606.8971242919384,1570.4035422846573,906.2414680704138,1660.8509470976958,298.4992615977362,66.34609863719216,728.3818544631927,42.982221039944896,165.57517697988686,168.1112858978957,411.26261959233574,218.46372777103306,417.97100782551627,90.42364793892988,512.7955429485389,8.787639015679737,96.78455668527307,114.25732786543391,130.2966088187091,268.6234474344836,60.23027231267223,121.57813907063228,91.55115549686056,0.0,23.795230580741173,43.23418076734345,27.202659411826332,99.81934505872414,121.80702010277345,13.438133054413402,103.19159328434151
1590271200-1590530399:80.5995248017272,222.5478276896771,189.23070889007832,671.9396410343273,148.38844188200412,58.62210892199923,10.545428516583756,0.0,365.98976482291687,839.411370607435,881.4542952610321,3481.5996672227966,1818.039972046788,293.46296751359574,15.544126127605562,704.7501518655695,36.339260047239605,335.7601711116779,919.1560021828726,1306.617785864926,1752.3726176580788,332.1383164923466,65.24377567500375,704.7501518655695,300.980612047109,754.1233243145467,980.3055745497488,2189.4541333725083,675.7210212370378,129.96386442493616,10.253421630698078,512.2422207429512,71.9322835519054,454.5504185708576,1207.0898389442707,707.1395376982753,1370.575417406103,273.8836094370662,43.96229226025845,728.3818544631927,34.65420451352781,117.15498165721796,136.67112572657263,269.44358188545283,159.00022879791734,420.79371808495756,103.55179325918023,512.7955429485389,11.841005811912465,75.0263680253105,76.82827410608945,86.80123782484323,223.53610104970772,50.49481121387434,119.80047591815469,0.0,2.9146583162022788,19.848431562828367,39.41219042948442,20.77063228939906,73.96701344004632,115.43466507867328,14.905285792696864,103.19159328434151
1590357600-1590616799:79.76031592845894,177.75684864940257,170.5079092740066,510.6713216156601,115.1735646796954,113.76028738659866,3.08415972427252,0.0,332.851192075659,607.7986184289128,696.8051693519601,2607.0858896927693,1284.7962838603569,262.74031372684476,22.024582036589955,1409.500303731139,39.39119637971924,234.08755373128602,827.6168968874272,997.4133209447556,1332.9094715120893,290.9718317802962,65.24377567500377,0.0,271.1702534434754,532.8872115431878,786.076403820354,1663.1319345858622,492.08494288122955,126.72890672427518,16.73387753968247,1216.9923726085208,64.84225254971804,324.83232000604914,951.3567992817424,542.862401669133,1051.6110182587274,240.50512862278788,43.962292260258465,728.3818544631927,34.41085235118735,96.43058732407825,122.86718054359265,192.38530974187108,142.540623451646,301.7128229269328,106.41607069042368,512.7955429485389,13.485201236051573,51.839902926998334,59.94510642001078,68.4866801691068,146.54476473010337,37.78221355417984,116.99795479834398,128.82009375440143,2.9146583162022788,14.540470350600817,28.062870223618223,17.635585579099818,49.47769061733343,105.73192889727868,14.905285792696864,103.19159328434151
1590444000-1590703199:54.15631993060433,102.40759998064505,93.94255399858481,292.0015837148805,91.2748171578199,92.05544999428209,3.08415972427252,0.0,215.12852692427418,317.4506167983172,349.28373024636164,1370.5646209832933,709.4501589256839,139.38143984154308,20.44628210188444,1409.500303731139,30.29074051003304,124.64754538566523,464.3967421526116,513.7629450477594,714.134863998475,110.35690575484868,64.06851004491038,0.0,183.19323572832639,272.0854781352385,415.19574927694777,917.559203747535,310.47557495042287,80.98034744973961,14.99930661771619,1216.8361016212598,51.798350106711965,185.9097001107635,522.0639651069592,310.1918152939289,571.1680058933435,84.80327491032118,34.59519828290933,727.933909185078,23.567978271633994,38.822491629095296,68.86088167675503,112.1178545228279,83.88439924285493,195.64422563070497,84.50586600798825,512.0859497556904,14.89579302013058,24.36565443056088,33.43291993746266,39.05595047789101,78.6006450234896,26.714559945970418,86.20798012537836,128.82009375440143,2.9146583162022788,6.619470024374053,16.004393280163203,8.049529606653962,14.652217403537573,21.647616724107372,16.483585727402385,103.19159328434151
1590530400-1590789599:33.66428313833634,65.74322365651358,59.02793691143656,190.88827185050832,59.14128271910808,76.88909207106401,1.9088940941791401,0.0,157.5809313908255,246.45278418450803,265.58219442402464,835.4507230272645,487.4107028842642,57.842623833466455,16.920485211604298,1409.500303731139,25.9873146618528,114.82875454244328,350.81381744531774,322.0524523640465,550.736973795408,81.99900181827324,66.15389167390246,0.0,132.0154362942138,180.4745279561277,259.39308422743596,509.1199451475482,205.93792048716816,58.378658403055006,10.298244097342671,1216.8361016212598,33.01097533900093,167.5768822421937,383.20206741344185,202.98242401181275,439.9298197009185,77.01842002548916,35.63788909740538,727.933909185078,15.067355485367628,23.42497265362025,47.811855239027615,60.75690186434037,50.14368715050669,142.7209203550007,73.32548920191392,512.0859497556904,13.378596310195494,31.638360442105157,20.50243177480255,25.880162082780103,55.71324288727746,23.632608661892473,76.69781620545326,128.82009375440143,0.0,1.0535110236111465,8.000866803055983,4.753860354908524,10.997645960232825,18.976572603596225,15.016432989118922,103.19159328434151
1590616800-1590875999:30.280259234815283,54.131382204941765,29.030211161135558,127.8562897099644,53.26577525649889,6.743052872382183,1.9088940941791401,0.0,120.34329380877921,197.82725335723967,205.66341109020044,540.0685337737252,385.4915660361915,54.63654931436319,10.440029302619905,0.0,21.526206957279534,98.27866938216944,231.2488459426269,169.33076234519655,399.7024294077756,75.86033369143404,3.5526385571636148,0.0,111.81678746378931,144.84721770731306,195.38702956037596,321.2461710315173,138.38525329676315,57.19555950586342,3.8177881883582803,1332.4426369128469,31.323646627581894,146.01668261169405,308.4340800462399,127.51925660290065,342.30212420683637,68.8078761695172,4.72062560366974,727.933909185078,10.708720620086778,16.821658982067483,28.660095675289003,43.484423239054365,49.087444913330856,134.12687988532684,68.68223602690261,512.0859497556904,10.047072174637346,18.579198838730562,11.512197812808598,12.179684730212465,35.68216063025423,22.8712192724996,50.68506123997277,0.0,0.0,1.5044536587911426,8.188822288831592,3.926079807886227,14.628699291291042,18.46398198552138,15.016432989118922,103.19159328434151
1590703200-1590962399:28.59293052339624,46.985785737459715,15.865960555836393,74.47247944082208,40.36207248267523,5.289744543031581,7.7411232249305515,0.0,98.6696818717394,147.35817733796716,130.7125840751849,373.5900027276772,281.64175161370247,27.461542986703027,14.748617985775343,0.0,17.233060411172627,93.72761780025331,134.61114373015366,138.00591622703018,345.91664635445534,67.94593543214484,9.384867687915026,0.0,85.25207182500858,99.29467591554094,107.72354682320241,236.89144212030396,101.5408561672135,57.420275214475254,15.482246449861103,1332.4426369128469,25.35562151514688,121.20620914146281,198.54840096278016,91.04390936971339,254.25636456953015,58.20990335815079,1.0426908144960467,727.933909185078,7.794062303884498,12.404230276002258,18.16009582818768,29.321148885774427,23.990835536627113,109.2806374024379,79.45985008696621,512.0859497556904,7.132413858435068,12.876401434845466,9.162887319619589,8.705573354833776,20.085155325023745,15.648139228381082,46.35625430652111,0.0,0.0,1.5044536587911426,3.305826162326321,4.384917223618511,12.293170897696319,15.98699726374028,13.438133054413402,103.19159328434151
1590789600-1591048799:28.592930523396248,45.86528595015817,17.50867597797751,63.05320409912994,29.819934649671787,5.061763973197148,7.7411232249305515,0.0,88.7319012845091,113.88051929977078,98.53202428886922,333.0500369235538,216.0460760578204,76.66214134748327,22.10448756412273,0.0,17.233060411172627,74.11509362232978,93.56595669599652,162.16157476605383,257.55724852020825,103.32196779398413,7.299486058922932,0.0,82.32428333099452,94.71150415061851,83.4157966923416,223.03983273766576,95.49814423191279,72.25144239981839,15.482246449861103,1332.4426369128469,19.015964315342185,89.58944805437551,142.75833647448766,67.44595518313949,207.38473051898035,42.01734245243756,3.677934789173693,727.933909185078,7.794062303884498,14.282024317068672,19.60616657285645,26.557321585551136,18.47279527052216,115.57458912891812,87.7775087299237,512.0859497556904,4.217755542232788,4.341937435663935,5.840694436626145,3.8971172880486353,13.700978486896021,15.648139228381083,45.62262584243534,0.0,0.0,1.5044536587911426,4.2525513109172435,6.521637482252843,13.208857373963019,40.213795724648854,13.438133054413402,103.19159328434151
1590876000-1591135199:26.807855776209074,52.132870198112755,22.036071670599956,68.43366780414736,27.108737016552734,6.25730753756273,7.7411232249305515,0.0,99.01053938267377,132.53520415440767,105.18926269343041,398.90304232878464,269.44238994835484,76.36951354408643,21.37085910003697,0.0,18.779509799543604,79.20459353721053,115.76893841324653,226.53568052033359,301.5917619292133,117.9368133925999,5.832229130751411,0.0,92.3769080041809,106.38242838057683,93.97580086557097,263.3724409037879,95.4331647113514,90.38280262299648,14.748617985775343,512.0859497556904,19.98786602796428,97.86745293635934,147.90237950922264,108.8530543886675,248.9349079055001,61.18562879833295,3.677934789173693,727.933909185078,10.847429100117228,13.081484646773202,18.041281275136654,25.114757754950194,14.53726625531753,126.7363525680776,80.46788221477803,512.0859497556904,6.721100537628249,9.417392636528058,6.039101330729701,21.477434587090226,19.522455170986333,16.17022781672745,43.421844640066126,0.0,0.0,2.3404891116709243,4.612061412348645,4.4675866500350105,6.408346705620903,40.264936377726876,15.016432989118922,103.19159328434151
1590962400-1591221599:26.807855776209074,52.030168062794964,19.817906843744016,61.43564649387908,17.085090191714993,13.357315249028613,1.9088940941791401,0.0,105.7746400810971,136.82643651217407,102.44883667706925,404.6184935857079,233.0045206832724,72.66416307378002,9.706400838534146,0.0,19.335084098929926,67.72225796988143,99.08820209238834,201.58582455692064,234.43245660143802,113.36299547140615,0.0,0.0,95.39261874769018,104.69126035275568,85.18664551202284,237.70377555217215,78.57152655056332,96.0871128186495,3.08415972427252,512.0859497556904,30.79148180808071,96.17779828339239,145.38772728414236,111.96630120483772,207.30006903106872,59.070182354646185,3.677934789173693,727.933909185078,13.762087416319506,16.213200113583152,14.539860809893929,27.915803086184496,16.99680749637773,171.25257387410937,80.46788221477803,512.0859497556904,11.182208242201506,11.76295218418835,8.797345051521658,22.68371736885677,17.24581112948559,18.2722248108509,44.15547310415189,0.0,0.0,2.3404891116709243,5.639939918581311,5.499733286884581,6.151076711457771,41.53054860805085,15.016432989118922,103.19159328434151
1591048800-1591307999:14.594388591278156,44.52343488657949,14.555894429713254,47.292837968261075,16.46817813267644,14.066908441877066,1.9088940941791401,0.0,102.73528949447372,122.89921647195938,94.9209022575036,267.858876839713,182.9816766300341,20.69403102911607,2.3505312601867594,0.0,22.111033935101755,66.59624692119019,82.01823414577925,135.28608067818698,197.7256130042519,65.83571243628815,0.0,0.0,86.55912869547693,76.4797588719472,67.53844743820943,165.82792925910547,60.950046287696445,57.50104573973531,3.08415972427252,512.0859497556904,25.91065740841311,90.21920166185613,127.6450483549815,87.44476998161929,170.70070350627387,46.196541402490766,0.0,727.933909185078,16.155976610120415,12.227690647795374,9.076320576773288,19.586182528121963,15.073517492218961,146.93160582924372,72.15022357182055,512.0859497556904,11.182208242201508,11.762952184188356,6.960947119547755,21.841325364496257,14.223334575140719,18.2722248108509,40.59777426668725,0.0,0.0,3.3026465481063862,4.617681918034574,2.663598601649228,5.7392149481932515,16.139997160970807,7.555164196807684,103.19159328434151
1591135200-1591394399:11.094903297253659,34.228249886002125,6.301176872503268,27.097321555470934,13.348859006966023,13.636535410198794,1.9088940941791401,0.0,82.34626174551538,91.80978154267342,73.24053835047589,119.84350608223858,85.22071137657414,21.893484908441682,9.706400838534146,0.0,17.233060411172627,52.326043166059904,57.22773206545662,47.91103458158008,104.46387632257999,49.49309615679614,0.0,0.0,64.89204783937359,61.74118482008683,43.7417063716216,75.49485292826411,53.771449256263246,42.47973289725023,3.08415972427252,512.0859497556904,22.985719790137495,73.9101628591722,105.14447754993911,29.953142998970495,84.76955460338392,37.78644956506404,3.677934789173693,0.0,13.102609813887685,9.842198335385808,8.467450641394235,9.188356540814377,8.766873771373037,140.4926114210877,65.66976766283615,512.0859497556904,7.132413858435067,7.18494527151926,5.946027005064483,11.667245967118571,4.0825116860206,21.951279309290644,38.29884479375878,0.0,0.0,0.9621574364354621,4.126902740280172,2.159762654078556,5.523376900023221,18.12099552720376,7.4612687923112375,103.19159328434151
1591221600-1591480799:11.094903297253659,25.138832938480668,4.853377612208849,20.69991043224246,17.214832380026955,5.936800759070103,1.9088940941791401,0.0,64.87959769428265,75.47578370537747,53.88315648056076,50.09482865655093,79.68932696009394,21.893484908441685,9.706400838534146,0.0,7.516645343823599,46.919122221948875,51.18225189162132,36.3642251795823,96.44781201554787,50.4315704730548,0.0,0.0,58.92402272693858,57.37151547322226,35.02498705151103,38.236778201211756,50.066448608141215,46.14915826066353,3.08415972427252,512.0859497556904,8.850579874462914,59.289585104031524,80.07277072979903,13.627553324016002,80.80299288062668,39.65956543577728,3.677934789173693,0.0,10.187951497685408,5.501367142393772,6.535199936875071,6.0607996452127635,6.141104375740664,84.70491471994318,65.66976766283615,512.0859497556904,4.217755542232788,5.0932690212324125,3.8478964928990904,10.839873420606061,4.793720796337715,21.241686116442185,43.54208059177519,0.0,0.0,1.4586646224515925,2.0287722281147778,2.159762654078556,4.424574992038256,16.9213499009564,13.438133054413402,103.19159328434151
1591308000-1591567199:11.09490329725366,16.83353653551672,4.876278092143996,20.354208988093177,10.13988023688032,6.3907302440864395,1.9088940941791401,0.0,41.87911308733294,62.87583320597202,55.57040101657677,49.94698597923075,70.09159149399457,21.893484908441685,9.706400838534146,0.0,7.516645343823599,41.91845168418921,53.33489360959626,32.08759624404129,96.89692700395553,46.373085899659365,0.0,0.0,47.72284110837451,56.69248508503411,31.004897761170664,31.436645415400374,44.39079213547953,45.746433895774345,3.08415972427252,512.0859497556904,4.293146546106911,48.82686868037408,92.2075244065803,14.152109151411484,76.89390256953195,40.11349492079362,3.677934789173693,0.0,1.6873287114190418,4.122260984389503,8.17288292773646,5.348037266412763,6.326107779181657,87.23482784078224,65.66976766283615,512.0859497556904,2.6713061538618086,5.0932690212324125,4.297699281251585,10.26742608129423,4.82345864331063,18.494569022829616,43.54208059177519,0.0,0.0,0.49650718601613036,2.0287722281147778,2.003491666817797,4.717332412067005,15.214931877494868,13.438133054413402,103.19159328434151
1591394400-1591653599:9.716415067349027,16.403992539064188,2.9381190019429604,10.39663424671635,11.183839794023694,5.332931908002249,1.9088940941791401,0.0,29.137843522922573,56.1580640618568,41.31644468360254,44.39523660589099,61.66626544122549,21.893484908441682,9.706400838534146,0.0,8.89513357372823,43.6521254150639,37.61222883481711,16.500097525989517,90.50853805826758,47.98306780039845,0.0,0.0,39.75579101777566,48.0251980806772,25.885756937713015,27.079634747358273,37.13227895127904,44.88183819846208,3.08415972427252,512.0859497556904,2.8825547620279064,53.92535663541893,74.50600746836615,11.190833098845308,73.3920762407256,41.76707003205731,3.677934789173693,0.0,1.6873287114190418,6.5891591734121935,7.307407381090714,5.851873213983435,14.926701653812716,84.83648271429205,66.71245847733219,512.0859497556904,4.217755542232788,7.200984445953777,5.083725694281094,3.3477978064965948,15.719440289376292,15.922448725787222,43.75741172718032,0.0,0.0,0.49650718601613036,2.0287722281147778,1.7352705165817675,4.639186346437157,15.003177858790043,13.438133054413402,103.19159328434151
1591480800-1591739999:9.716415067349027,16.549716158671792,2.1250215888852955,12.55609779149961,4.220295300537046,5.681137051237986,1.9088940941791401,0.0,29.092609790936393,56.84612426286161,39.65615014285446,55.14948985445387,72.81477766821995,21.893484908441682,9.706400838534146,0.0,8.89513357372823,39.41794350793575,36.96834307953113,24.100667136985287,105.99338308979814,49.16003992782657,0.0,0.0,38.20649075366621,45.93084148140109,25.249498513846365,32.15357231558359,41.93875590316586,42.20823624263312,3.08415972427252,1332.4426369128469,4.386621294151181,60.93678620729176,79.91762216779091,14.730885933802183,90.97937548871977,41.86233994797377,3.677934789173693,0.0,1.6873287114190418,6.589159173412194,6.519830208811698,6.365576289249066,19.394195991983537,87.17036002331245,66.71245847733219,512.0859497556904,4.217755542232788,6.235433710593276,4.8391257977102455,3.2212423579778964,14.75965816803389,19.829483794061396,24.308634269365957,0.0,0.0,0.49650718601613036,2.0287722281147778,1.7352705165817675,4.72726843537948,15.913915537817157,7.4612687923112375,103.19159328434151
1591567200-1591826399:9.716415067349027,22.288659942579002,2.1250215888852955,14.761844134252366,6.3935933539608545,4.971543858389532,1.9088940941791401,0.0,33.65004311929239,63.654817100200354,39.70970324147882,50.42737395588853,84.2408712970945,21.893484908441682,9.706400838534146,0.0,8.89513357372823,44.59351863741091,42.717411881013156,29.045349382173548,100.51205481376269,49.16003992782657,0.0,0.0,39.881369319994306,53.97209103335371,20.28526292112266,36.35844672952154,44.45459403351842,41.110159709457854,3.08415972427252,1332.4426369128469,5.890687826274455,63.040480025306984,71.33775351033162,15.802451804906022,92.11194387620318,40.69881727010896,3.677934789173693,0.0,1.6873287114190418,6.5891591734121935,7.911473896891147,6.231456190265237,18.774986498957073,86.85942634598234,67.88772410742557,512.0859497556904,4.217755542232788,6.235433710593276,4.8391257977102455,3.2212423579778964,16.219681166124623,19.829483794061392,24.308634269365953,0.0,0.0,2.216461839752078,2.0287722281147778,1.7905761246464977,4.617806402566055,17.385736087309358,7.4612687923112375,103.19159328434151
1591653600-1591912799:9.716415067349027,19.173758449201234,1.9937525125622946,13.216583095953927,6.744672527796328,5.681137051237986,1.9088940941791401,0.0,33.35365278286893,61.12408609558453,44.30654132990424,49.43904917377646,75.89673479384767,22.801343878474356,8.327395522288924,0.0,7.20780486230919,38.408247673585386,37.854264340192046,27.01485725402456,89.75605235840553,45.85288970529917,5.976864262102166,0.0,37.65429810981132,50.72823943306881,25.173361623295026,33.69884380203807,41.48703133603313,41.462520101402106,9.061023986374686,1332.4426369128469,5.890687826274455,56.94027516648565,71.72450559326673,15.478668280163182,88.96734752275903,39.49917164386161,0.0,0.0,0.0,8.941276449865667,7.862906614513497,11.374490052420981,8.146651048338898,88.17314102821504,66.84503329292953,512.0859497556904,4.217755542232788,5.506824443876179,8.31111907434029,1.1530630059197735,7.4218368826279395,20.23220815895059,28.231969305938225,0.0,0.0,2.216461839752078,6.4875714050915665,0.0553056080647302,4.721765225301863,17.180304448274196,7.4612687923112375,103.19159328434151
1591740000-1591999199:9.716415067349027,19.804534151283377,3.9359741038829,11.169203166003943,11.444507093583752,4.915966518550676,1.9088940941791401,0.0,31.724007948527017,57.25739023607702,39.90917040844473,35.913452283613644,71.19491347150566,21.60188999914874,15.683265100636312,0.0,7.20780486230919,38.03554225604167,36.95220723035237,16.149791864311062,93.46692551337075,43.57136451753813,5.976864262102166,0.0,37.52871980759268,49.888474123172,25.195782827744726,25.419822649356234,37.42543876512559,35.241749982217385,9.061023986374686,512.0859497556904,4.386621294151181,46.737197743904794,61.47387613688085,8.990395686977257,81.23172345692832,38.093318393023296,3.677934789173693,0.0,0.0,8.38427261227065,7.862906614513495,11.231564568131297,3.568535898161505,89.07475625605547,66.84503329292953,512.0859497556904,4.217755542232788,4.949820606281163,7.895624405114071,1.1530630059197735,7.908716147159508,15.908207701224843,26.184661259643395,0.0,0.0,2.216461839752078,6.356302328768566,0.29959207206464267,4.859457207842044,14.259769465696259,7.4612687923112375,103.19159328434151
1591826400-1592085599:9.716415067349027,13.33734893647868,3.9359741038829,7.20880160033299,9.79693642094877,4.206373325702223,1.9088940941791401,0.0,25.50482623165472,52.7794722254492,39.581358429888425,27.975707352130048,65.50829682506914,16.150081381442916,15.683265100636312,0.0,1.3784882299046322,36.578181851208406,24.025214490746723,11.177958693109483,87.31654562039422,43.795232074719166,5.976864262102166,0.0,40.31494894583785,35.334974493326754,23.37774749712285,18.481213784877887,34.606650412248285,32.05517206758782,9.061023986374686,512.0859497556904,1.5040665321232742,53.754283990780806,52.69459240533013,7.306474221206587,74.64971827052977,34.28563308609619,3.677934789173693,0.0,0.0,8.941276449865667,6.471262926434049,10.91902259360978,5.59733306655947,70.41870332429514,65.66976766283615,512.0859497556904,4.217755542232788,3.3991090191548157,7.656113394206149,0.7852376169335101,6.425964727253996,15.908207701224843,26.1846612596434,0.0,0.0,0.49650718601613036,6.356302328768566,0.24428646399991247,4.859457207842044,12.648554615629585,7.4612687923112375,103.19159328434151
1591912800-1592171999:6.384890931790878,12.965821415429813,4.044342700270753,5.925510500587351,7.991741153348867,4.46203703353434,1.9088940941791401,0.0,27.040996317952366,56.32719050241205,40.604551634893674,24.364365094505636,55.16228178541337,15.951815604258694,9.706400838534146,0.0,8.89513357372823,37.50298671198406,22.120120526004257,10.761426288966467,104.66354031486736,48.41872908269743,0.0,0.0,34.62095913793229,35.16684606133048,21.104515472728487,12.711976412234193,24.801662816253128,48.45711820077081,3.08415972427252,512.0859497556904,1.5040665321232742,49.827245557603106,45.74399152985368,8.828199242779629,75.53717836374331,34.585517850739336,3.677934789173693,0.0,1.6873287114190418,6.305851810908861,6.471262926434049,7.147307424149949,5.283476906134647,67.42262919093314,65.66976766283615,512.0859497556904,4.217755542232788,3.3991090191548157,3.1131810865078737,0.5409511529335976,6.9114620174302885,20.070906477331135,20.352432128891984,0.0,0.0,0.49650718601613036,2.8485605560419915,0.24428646399991247,6.491233039878327,8.322672181444132,7.4612687923112375,103.19159328434151
1591999200-1592258399:6.384890931790878,12.529516781216303,2.18055296521492,4.828101047260247,4.670535779880514,10.487362797355233,1.9088940941791401,0.0,37.81250854389443,57.14122189368283,40.66941987320833,28.237616994505792,35.84988649557741,20.66713700816983,9.706400838534146,0.0,8.89513357372823,38.48388181215102,18.81853340000003,8.333187028457246,85.91020153417792,51.89436568019299,0.0,0.0,46.2363199143013,36.38403909941728,21.643225555489074,22.48688907419552,16.708735486165576,47.59256792543875,3.08415972427252,1332.4426369128469,4.835590667681424,54.21777358617954,41.51381233025479,8.929606927502673,74.42609062398097,39.204198788722856,3.677934789173693,0.0,1.6873287114190418,9.283248184511532,6.415731550104423,12.530503563732335,8.794195632095708,59.07242408713868,65.66976766283615,512.0859497556904,5.59624377213742,3.3991090191548157,3.1131810865078737,0.5409511529335976,6.911462017430287,19.944357418008533,19.618803664806226,0.0,0.0,0.49650718601613036,2.8485605560419915,0.24428646399991247,6.016651934958949,8.03004437804725,7.4612687923112375,103.19159328434151
1592085600-1592344799:6.384890931790878,11.997514506996781,2.731130868456078,4.5669222535271246,5.903260092425425,9.29322477326446,1.9088940941791401,0.0,35.055532084085165,56.17596697108805,29.43438464231001,32.01211802586734,42.564189233463566,21.86659088749544,9.706400838534146,0.0,8.89513357372823,35.77960662132731,18.539561634621116,18.668028074372593,81.85982352622294,60.96720659964493,0.0,0.0,43.311382296025684,33.81489761653071,16.86460039662198,22.497836716986754,24.79229699640504,65.61067749271865,3.08415972427252,1332.4426369128469,4.835590667681424,55.741285235100825,42.27904117860544,15.837419866310626,76.154522858863,48.32311982554845,3.677934789173693,0.0,1.6873287114190418,7.904142026507266,4.241863337945653,12.90355455252761,9.108039283105432,60.0097214595195,65.66976766283615,512.0859497556904,5.596243772137421,2.020002861150547,2.9028893090633,1.1776418514366493,8.204704157721107,19.944357418008533,25.45103279555763,0.0,0.0,0.49650718601613036,1.6470394737862624,0.24428646399991247,5.4400941315062195,9.24493801729673,7.4612687923112375,103.19159328434151
1592172000-1592431199:6.384890931790878,11.50100732098065,3.4270021263012973,4.020883011821707,5.53411183954371,19.350620126348716,1.9088940941791401,0.0,33.55146555196189,47.90385660954096,33.65595550499933,31.07763272978713,48.75837482859968,21.86659088749544,9.706400838534146,0.0,8.89513357372823,39.827871013176036,23.65405432709148,17.67547007361128,93.80234992495687,62.48291084096889,0.0,0.0,41.8073157639024,29.278236337550712,17.96095115547626,22.742686667784042,23.285324666406737,51.05805681116811,3.08415972427252,1332.4426369128469,3.3315241355581495,55.05302986851579,46.52869232204788,15.441557898773219,99.0521952437526,48.02323506090531,3.677934789173693,0.0,1.6873287114190418,8.400649212523396,4.241863337945654,13.095389402902054,9.343749377900412,55.95688525232408,65.66976766283615,512.0859497556904,5.596243772137421,2.020002861150547,2.9028893090633,1.341967089022677,8.382990193829407,18.99236849056015,21.773098006383943,0.0,0.0,0.49650718601613036,1.8975031517917769,0.24428646399991247,4.5419123967860795,9.698867502313067,7.4612687923112375,103.19159328434151
1592258400-1592517599:6.384890931790878,8.266735697969283,4.865170230721754,4.416360812458477,6.448931567341739,13.261547682541146,1.9088940941791401,0.0,24.48041221525068,54.76276939142,40.178785779758975,23.045829225404162,44.8425036876687,23.060840348110546,9.706400838534146,0.0,4.753145652742716,35.66317492225574,24.50515596773525,14.855484506112017,87.20841264123739,55.97687300770974,0.0,0.0,37.603956649046985,31.464267454876346,23.577719498267104,18.999961145036867,21.1426388400835,50.518664606394935,3.08415972427252,512.0859497556904,0.0,47.03733464154022,40.30479998831397,12.76855427775779,94.24610564861092,46.4514411168733,3.677934789173693,0.0,1.6873287114190418,6.960031764845364,6.471262926434049,5.07950219496086,6.327354658256884,59.33120711949503,65.66976766283615,512.0859497556904,5.596243772137421,3.399109019154815,2.9028893090633,1.6030679148426799,7.4375533611746985,18.42356538159668,21.122225862105985,0.0,0.0,0.49650718601613036,1.8975031517917769,1.0825825892961833,4.698204528045776,12.198486930956129,7.4612687923112375,103.19159328434151
1592344800-1592603999:6.384890931790878,6.4589372382768895,4.865170230721754,2.8205469213173786,7.049824017926599,12.514990394127926,1.9088940941791401,0.0,17.817363944134375,50.07900141048472,40.09549338914579,23.85533557220903,36.104428625499416,21.156997694646993,9.706400838534146,0.0,4.753145652742716,33.04286654736782,24.779296406325212,6.857171278101013,84.15845936511138,47.73362390780688,0.0,0.0,31.35777419728656,32.54432946205418,24.116941621498945,22.48084158340414,15.06156843877177,31.904351789275662,2.3505312601867594,512.0859497556904,0.0,43.18866910440973,39.10805536382566,5.059239094045283,92.6047602700249,46.451441116873305,3.677934789173693,0.0,1.6873287114190418,7.954274332852611,6.471262926434049,4.706451206165587,6.120193244908999,58.83261350855834,66.84503329292953,512.0859497556904,5.59624377213742,6.885930601880447,2.6403511564172986,0.9763483848718978,5.836831726151052,14.209661485363242,24.800160651279676,0.0,0.0,0.49650718601613036,1.8975031517917769,1.0825825892961833,4.482894215177462,10.998064624575695,7.4612687923112375,103.19159328434151
1592431200-1592690399:0.0,8.740177312553863,4.0380298965535335,2.4333816070132857,5.712216386897376,5.163460886234972,1.9088940941791401,0.0,19.1827219962272,48.24508279120162,35.25199172347277,24.76298545348079,28.511679119193033,11.10839637902679,9.706400838534146,0.0,8.89513357372823,29.06110729697082,24.528162738921573,6.523039815851659,47.39304956688154,31.200311521558504,0.0,0.0,20.35776606006255,35.18374739972444,19.020268020329517,22.631243503039357,17.43075498918914,41.381656364074956,3.08415972427252,512.0859497556904,0.0,32.09221482731106,46.93621500836477,5.162099197848328,56.73601962838118,35.290522243515454,3.677934789173693,0.0,0.0,7.007048997159899,7.427075199903467,5.1966414938266565,5.678581125256468,64.96574517539753,68.0202989230229,512.0859497556904,5.596243772137421,6.885930601880448,2.9028893090633003,0.8911707229337362,5.25119446549631,14.209661485363243,26.63736338525277,0.0,0.0,0.49650718601613036,0.9011849613176933,1.2212255639708327,3.2347639391815277,11.290692427972576,7.4612687923112375,103.19159328434151
1592517600-1592776799:0.0,10.116804342090699,2.5443304158034525,1.5626733959522343,4.447456983824479,5.163460886234972,1.9088940941791401,0.0,22.330983952489582,38.870447529688605,24.13326858935207,17.42356507553592,29.542504063220733,19.028218116101627,9.706400838534146,0.0,7.20780486230919,30.33212966890635,22.92922954337126,9.301506722609146,30.108905522275833,52.82679709998811,0.0,0.0,20.834721862463127,33.79243168953647,13.731116574505865,14.760953502870743,14.952668806262807,37.13743034184282,3.08415972427252,512.0859497556904,0.0,33.46417756948197,45.77670474980535,2.1641013797726365,42.899008344036275,41.95283131755273,3.677934789173693,0.0,0.0,5.070939001560616,5.197675611415073,4.779269680745896,5.759610172820197,64.25610107203694,66.84503329292953,512.0859497556904,5.59624377213742,4.949820606281163,3.3936684868177025,0.7863408843744926,5.7577654772384745,14.584025154605168,26.63736338525277,0.0,0.0,0.49650718601613036,0.9011849613176933,0.5392004259353209,3.510147904261893,7.490991059747006,7.4612687923112375,103.19159328434151
1592604000-1592863199:0.0,11.026909443651736,2.9941332041559474,9.968360803400603,4.060980469944187,4.678916054992651,1.9088940941791401,0.0,23.835050484612857,36.03469189505728,34.26119174520949,14.296921586537012,30.095598124888326,20.897501225010803,9.706400838534146,0.0,8.586293092213822,31.038078383597266,22.441883075324835,11.861381042577388,36.740642075379995,54.807365766840086,0.0,0.0,20.70914356024448,34.756160654292486,23.028790304818152,17.161919086475535,17.28745570205424,38.46082565765892,3.08415972427252,512.0859497556904,1.5040665321232742,30.67290545980236,41.163315051398584,4.863663385144288,43.39904944510843,45.00675207749814,3.677934789173693,0.0,0.0,3.069691062957257,7.4270751999034665,5.547978830608038,5.080546345583225,67.43332150584497,65.66976766283615,512.0859497556904,4.217755542232788,0.45505255078051887,1.9475475079911233,0.5747642890490032,2.9013653564964086,22.691612233248183,31.249984805317823,0.0,0.0,1.4586646224515925,0.6959820695360477,0.38292943867456186,3.3622136761040093,11.42609135877175,7.4612687923112375,103.19159328434151
1592690400-1592949599:0.0,8.517746314814977,1.029011132900194,12.085843258365887,2.9296192284434697,5.132845540008988,1.9088940941791401,0.0,23.86715403878723,36.97713565604106,28.472564407167326,14.717925997754776,25.975259794563932,20.897501225010807,9.706400838534146,0.0,8.586293092213822,27.536646540056935,24.412926853010283,10.606179623849444,35.37238940805873,51.08146162714466,0.0,0.0,25.760099961396044,35.174044499542376,16.908636234329673,17.82144561246542,12.190518222776184,29.122597992924213,3.08415972427252,512.0859497556904,1.5040665321232742,30.36841963162172,23.582620230769496,4.926789853940774,42.41911001179958,49.17849799733781,3.677934789173693,0.0,0.0,2.5722427747622265,4.9483501620316,4.925449091599309,5.389679753173087,59.83862641317464,65.66976766283615,512.0859497556904,4.217755542232788,2.3731041251165688,3.393668486817702,0.6342596880757868,3.3473742321090625,24.046325525585754,25.417755674566415,0.0,0.0,1.4586646224515925,0.6959820695360477,0.38292943867456186,3.3622136761040093,12.483889694855941,0.0,103.19159328434151
1592776800-1593035999:0.0,8.327413055991435,1.029011132900194,12.805781324378222,2.9296192284434697,5.132845540008988,1.9088940941791401,0.0,23.41818466525699,44.617827686859755,28.11497467832514,14.27341767411882,26.27503254946202,10.13930671654215,9.706400838534146,0.0,8.586293092213822,23.617494725402167,24.11836947882007,7.62652981454825,48.03712990568391,39.387265095262414,0.0,0.0,20.79893099149598,32.5436169388468,16.574713835278253,17.270635882075858,16.512615150597654,31.08819083199195,3.08415972427252,512.0859497556904,3.0081330642465485,28.57568534607757,28.823101505555112,5.378865979694048,42.78633241159413,46.82963133284629,3.677934789173693,0.0,0.0,2.5722427747622265,4.9483501620316,4.243423953563798,6.396368424121051,62.688833240894326,65.66976766283615,512.0859497556904,4.217755542232788,4.480819549837933,2.9028893090633003,0.689565296140517,3.2241163021843264,23.838040600418115,25.417755674566415,0.0,0.0,1.4586646224515925,0.6959820695360477,0.38292943867456186,3.459005094587674,11.57609519187239,0.0,103.19159328434151
1592863200-1593122399:0.0,9.360527264887715,1.029011132900194,5.9040782419608355,2.0761372852289406,4.075047203924797,1.9088940941791401,0.0,24.922251197380266,46.34105279626891,14.316654304415957,11.238450953369192,21.967492954623143,11.13529039997303,9.706400838534146,0.0,8.586293092213822,20.998564499425342,21.636877539076263,8.09235943858801,43.91018080747634,37.24061768433616,0.0,0.0,23.80706405574253,35.730006169689,6.253245742136899,11.188386120070339,14.589381863381323,30.634261346975613,3.08415972427252,512.0859497556904,1.5040665321232742,26.44382143002313,27.344524943944727,1.9918864599602217,42.1384670341723,45.89115701658764,3.677934789173693,0.0,0.0,2.572242774762227,2.7189505735432062,2.1760926367155897,7.506643144984821,60.66077972657915,65.66976766283615,512.0859497556904,4.217755542232788,5.8599257078422005,2.9028893090633,0.7071933087266267,3.5128863581148235,14.20205971328366,20.805134254501354,0.0,0.0,0.49650718601613036,0.6959820695360477,0.4005574512606715,3.386362239035442,12.348490764056768,0.0,103.19159328434151
1592949600-1593208799:0.0,10.158907439867345,1.029011132900194,3.665855350989284,1.3180023287122733,3.6211177189084602,1.9088940941791401,0.0,22.007592881177988,35.18742047730921,15.74817707528042,14.251205482830523,16.64790405318444,10.843695490680087,2.3505312601867594,0.0,8.586293092213822,16.493045274441926,11.487348226310864,7.886656414421447,43.35442826250101,35.39984744572888,0.0,0.0,14.327103504192081,26.23960102551299,7.318009529868254,9.059435020271803,13.413809676208329,29.134493343015077,3.08415972427252,0.0,3.050515920494254,19.855418463774427,22.6277594761834,1.576935066330136,39.75407655264757,43.834857540434754,0.0,0.0,0.0,2.0617445901822444,4.9483501620316,1.8393112883395075,7.0027579202059025,59.3500789116197,65.66976766283615,0.0,2.6713061538618086,3.941874133506151,1.4567683302367214,0.5806378602079283,2.6142296962022145,13.799335348394465,27.258487729767015,0.0,0.0,0.49650718601613036,0.8272511458590484,0.4005574512606715,3.2360233276718593,9.794177168117729,0.0,103.19159328434151
1593036000-1593295199:0.0,8.927355567397083,0.5792083445476992,2.6382035319639057,1.2299202397699522,3.6211177189084602,1.9088940941791401,0.0,19.250616421368722,21.518632851544556,11.906064354041876,13.315070418662435,15.271970355211723,8.005322719286273,2.3505312601867594,0.0,7.20780486230919,13.119836427940363,8.757141876279002,7.827161015394664,24.948853584504118,24.772206230895442,0.0,0.0,12.948615274287445,20.41606798289917,3.680108289295295,7.953188852261147,10.803457615801719,25.040120925401972,3.08415972427252,0.0,3.050515920494254,18.903858726977774,15.376423391305835,1.3325488829391512,23.70837603222151,35.4255296964576,0.0,0.0,0.0,2.0617445901822444,3.9593228762225263,1.3507383603396825,5.296439832294536,51.51349249089638,65.66976766283615,0.0,2.6713061538618086,1.8341587087847868,0.46774104442764697,0.525332252143198,2.12423437672295,8.890079283874957,27.258487729767015,0.0,0.0,0.49650718601613036,0.8272511458590484,0.15627098726075903,2.8837199907327764,9.34024768310139,0.0,103.19159328434151
1593122400-1593381599:0.0,4.511113179158951,0.449802788352495,0.6322989702047942,0.21583804817003022,2.45759504104367,1.1752656300933797,0.0,10.445270278891982,7.827357304472273,8.63170103456776,9.801258778484964,8.480169266466419,4.859773822963822,2.3505312601867594,0.0,1.3784882299046322,4.532465601009372,0.39200334443427076,3.331879048679816,8.976946657273917,10.288258318377132,0.0,0.0,4.386621294151181,8.646103653828131,3.49330783664267,3.0366421614018746,7.986870409056961,20.386040307483338,3.08415972427252,0.0,3.050515920494254,8.391959052670808,4.559948628355517,0.7882912513904599,9.84186733581162,28.09911297165102,0.0,0.0,0.0,2.0617445901822444,2.284930964818019,0.7569373207422538,1.5617334688874576,21.01750708603457,51.87968523870609,0.0,0.0,0.45505255078051887,0.20520289178164564,0.12477480088252656,1.619626272622423,5.549805455194277,10.325928961880432,0.0,0.0,0.0,0.3364719681046463,0.0,1.4220508360453734,3.2590409001611613,0.0,103.19159328434151
