1585864800-1586123999:0.0,0.7764993216897438,0.9963181904740837,0.0,0.0,0.0,0.0,0.0,0.0,3.5918764487585655,10.657852487637607,0.0,0.0,0.0,0.0,0.0,0.3866123470927449,4.386816251094793,26.599987567405112,0.0,0.0,0.0,0.0,0.0,5.0619861342571255,1.4661306728229682,11.87725766215856,0.0,0.0,0.0,0.0,0.0,2.0739410585117866,0.9621574364354621,15.185198030358556,0.0,0.0,0.0,0.0,0.0,0.0,2.128877425203034,1.0870813497924197,0.0,0.0,0.0,0.0,0.0,0.0,0.0,0.5505779032411579,0.0,0.0,0.0,0.0,0.0,0.0,0.711667437987053,0.0,0.0,0.0,0.0,0.0,0.0
1585951200-1586210399:0.0,87.98151615570801,0.5046087676667362,0.0,0.0,0.0,0.0,0.0,0.0,0.9621574364354621,2.0874620413860727,0.0,0.0,0.0,0.0,0.0,3.430141445659272,90.02350889402794,28.69736022157404,0.0,0.0,0.0,0.0,0.0,0.5154831294569931,1.8722625379964999,13.286395054122503,0.0,0.0,0.0,0.0,0.0,0.0,0.9101051015610377,10.347014617453425,0.0,0.0,0.0,0.0,0.0,2.9146583162022788,0.9621574364354621,0.0,0.0,0.0,0.0,0.0,0.0,0.0,88.43656870648853,0.5505779032411579,0.0,0.0,0.0,0.0,0.0,0.0,0.45505255078051887,0.0,0.0,0.0,0.0,0.0,0.0
1586037600-1586296799:0.0,43.990758077854004,1.5009269581408198,0.0,0.0,0.0,0.0,0.0,0.0,1.843981925654794,2.0874620413860727,0.0,0.0,0.0,0.0,0.0,2.9146583162022788,47.079142478163234,29.57711656301101,0.0,0.0,0.0,0.0,0.0,0.0,1.6447362626062405,14.058574430636552,0.0,0.0,0.0,0.0,0.0,0.0,2.5159630521867595,8.502513726112236,0.0,0.0,0.0,0.0,0.0,2.9146583162022788,1.4586646224515925,0.0,0.0,0.0,0.0,0.0,0.0,0.0,44.445810628634526,0.5505779032411579,0.0,0.0,0.0,0.0,0.0,0.0,0.45505255078051887,0.0,0.0,0.0,0.0,0.0,0.0
1586124000-1586383199:0.0,43.990758077854004,1.5009269581408198,0.0,0.0,0.0,0.0,0.0,0.0,0.881824489219332,1.5368841381449148,0.0,0.0,0.0,0.0,0.0,2.9146583162022788,45.03714973984331,13.434120049375256,0.0,0.0,0.0,0.0,0.0,0.0,0.9101051015610377,9.316182025821979,0.0,0.0,0.0,0.0,0.0,0.0,2.2884367767965,11.482414286515159,0.0,0.0,0.0,0.0,0.0,2.9146583162022788,0.49650718601613036,0.0,0.0,0.0,0.0,0.0,0.0,0.0,44.445810628634526,0.0,0.0,0.0,0.0,0.0,0.0,0.0,0.45505255078051887,0.0,0.0,0.0,0.0,0.0,0.0
1586210400-1586469599:0.0,0.0,0.9963181904740837,0.0,0.0,0.0,0.0,0.0,0.0,7.2991301702939,0.8716512266726781,0.0,0.0,0.0,0.0,0.0,0.0,2.929779297247242,6.448858972805731,0.0,0.0,0.0,0.0,0.0,1.5464493883709796,2.9634053750388207,4.386210483395702,0.0,0.0,0.0,0.0,0.0,4.877973523929129,1.593491927206385,3.45990440138348,0.0,0.0,0.0,0.0,0.0,2.7569764598092643,1.2081746240031834,0.0,0.0,0.0,0.0,0.0,0.0,0.6892441149523161,0.7764993216897438,0.0,0.0,0.0,0.0,0.0,0.0,0.0,0.0,0.0,0.0,0.0,0.0,0.0,0.0
1586296800-1586555999:0.0,1.4881667596767967,0.0,0.0,0.0,0.0,0.0,0.0,0.0,11.197658867975818,2.7386903987664946,0.0,0.0,0.0,0.0,0.0,0.0,2.670380199284611,8.239390926127623,0.0,0.0,0.0,0.0,0.0,3.050515920494254,10.90188706283873,12.991596697355122,0.0,0.0,0.0,0.0,0.0,6.2564617538337615,11.145240076225807,5.9580797950513285,0.0,0.0,0.0,0.0,0.0,4.1354646897138965,4.928076067148691,0.2752889516205789,0.0,0.0,0.0,0.0,0.0,0.6892441149523161,3.2268235178020026,0.0,0.0,0.0,0.0,0.0,0.0,0.0,0.0,0.0,0.0,0.0,0.0,0.0,0.0
1586383200-1586642399:9.342682535273092,6.250584218824014,0.0,0.0,0.0,0.0,0.0,0.0,17.90339530458416,29.71647549140594,3.303245477023808,0.0,0.0,0.0,0.0,0.0,3.8265914904182186,7.345792319631948,10.267396931164631,0.0,0.0,0.0,0.0,0.0,8.425727642301064,17.498463230770735,9.407025332170237,0.0,0.0,0.0,0.0,0.0,7.071284171004719,13.421603862778822,3.965443414103161,0.0,0.0,0.0,0.0,0.0,6.499587370994309,8.346630553226872,0.2752889516205789,0.0,0.0,0.0,0.0,0.0,0.6892441149523161,2.590997663134863,0.0,0.0,0.0,0.0,0.0,0.0,0.0,0.0,0.0,0.0,0.0,0.0,0.0,0.0
1586469600-1586728799:14.31927336930334,9.1204826237528,1.5016353074913726,0.0,0.0,0.0,0.0,0.0,26.72313787443827,44.29985776249311,11.466282587763251,0.0,0.0,0.0,0.0,0.0,12.766159758862424,11.19437868394466,20.528180152577114,0.0,0.0,0.0,0.0,0.0,16.20011455085316,34.74859142392305,14.528257098844216,0.0,0.0,0.0,0.0,0.0,21.362442641809835,23.009043806115162,6.342084100036228,0.0,0.0,0.0,0.0,0.0,8.515522554182375,6.676363213070417,0.7798977192873151,0.0,0.0,0.0,0.0,0.0,6.299595041113696,2.601938089779806,1.4556661719169508,0.0,0.0,0.0,0.0,0.0,2.7569764598092643,0.956193925084831,0.0,0.0,0.0,0.0,0.0,0.0
1586556000-1586815199:15.279799966693297,9.534849611122002,1.5016353074913726,0.0,0.0,0.0,0.0,0.0,25.879473518728748,64.51119475437895,11.859454735813175,0.0,0.0,0.0,0.0,0.0,17.74275059289268,11.305553253158198,16.348720748738995,0.0,0.0,0.0,0.0,0.0,16.60356029580065,35.55354585936303,10.182146432598424,0.0,0.0,0.0,0.0,0.0,29.293782961971694,16.850429563045704,5.546529245653745,0.0,0.0,0.0,0.0,0.0,10.511691747115828,10.119787861240809,0.9544115560192312,0.0,0.0,0.0,0.0,0.0,9.533373140903716,5.04942356406917,2.927513064516142,0.0,0.0,0.0,0.0,0.0,5.639531221837171,1.8150860652427352,0.0,0.0,0.0,0.0,0.0,0.0
1586642400-1586901599:26.69786156849442,10.828078104281655,3.8603839023925364,0.0,0.0,0.0,0.0,0.0,8.819742569854109,47.93479876660776,13.30858579843902,0.0,0.0,0.0,0.0,0.0,18.367780118866435,12.715749382236528,15.211973422465437,0.0,0.0,0.0,0.0,0.0,18.582360719074337,38.66751758890292,13.547688656116987,0.0,0.0,0.0,0.0,0.0,33.104992331030346,19.689421723715995,7.9641463209887196,0.0,0.0,0.0,0.0,0.0,12.359665771837546,17.14082056334011,1.504989459260389,0.0,0.0,0.0,0.0,0.0,9.261503957425987,9.812393317809747,3.418292242270544,0.0,0.0,0.0,0.0,0.0,5.639531221837171,1.8150860652427354,0.0,0.0,0.0,0.0,0.0,0.0
1586728800-1586987999:35.1898770228801,11.691973403104432,2.8633573625679,0.0,0.0,0.0,0.0,0.0,1.6873287114190418,36.2945912431772,5.487943717766047,0.0,0.0,0.0,0.0,0.0,8.80613127573897,6.378804920280781,6.507505557537148,0.0,0.0,0.0,0.0,0.0,10.349389424880137,23.466447925966815,18.227174447210892,0.0,0.0,0.0,0.0,0.0,15.314348566200731,9.19572132823415,15.926486782200799,0.0,0.0,0.0,0.0,0.0,6.749314845676167,16.551701957057062,1.0003806915936528,0.0,0.0,0.0,0.0,0.0,4.591074901570801,9.69891671994468,2.4381547724787005,0.0,0.0,0.0,0.0,0.0,3.5717988769802225,1.6411128157987833,0.0,0.0,0.0,0.0,0.0,0.0
1586815200-1587074399:32.95418351955681,10.409310516852544,2.8633573625679,0.0,0.0,0.0,0.0,0.0,3.065816941323674,20.911883866706606,3.6652350868431536,0.0,0.0,0.0,0.0,0.0,4.429004150398886,5.1184949388971805,6.465598923082297,0.0,0.0,0.0,0.0,0.0,7.424451806604524,15.824830460398468,17.777371658858396,0.0,0.0,0.0,0.0,0.0,6.088500595367414,8.782990098880546,13.152720747027692,0.0,0.0,0.0,0.0,0.0,10.19553542043775,15.0447041467853,0.5505779032411579,0.0,0.0,0.0,0.0,0.0,2.439361977480679,7.224577103503911,0.490779177754402,0.0,0.0,0.0,0.0,0.0,0.0,1.501686318768214,0.0,0.0,0.0,0.0,0.0,0.0
1586901600-1587160799:6.859930484202618,9.412879833169768,0.5046087676667362,0.0,0.0,0.0,0.0,0.0,3.065816941323674,20.233679244999053,3.6701403509259283,0.0,0.0,0.0,0.0,0.0,1.5040665321232742,2.591066118489376,9.014719754246704,0.0,0.0,0.0,0.0,0.0,0.8436643557095209,9.104026280125703,14.462216992784162,0.0,0.0,0.0,0.0,0.0,2.7569764598092643,7.67618879781119,11.81327491038782,0.0,0.0,0.0,0.0,0.0,5.513952919618529,6.764713904400909,0.449802788352495,0.0,0.0,0.0,0.0,0.0,1.3784882299046322,3.3971728270835015,0.43582561333633907,0.0,0.0,0.0,0.0,0.0,1.3784882299046322,2.012184503348196,0.0,0.0,0.0,0.0,0.0,0.0
1586988000-1587247199:12.231674003818213,10.760233054448882,0.0,0.0,0.0,0.0,0.0,0.0,6.116332861817928,23.470569343788767,2.1791280666816952,0.0,0.0,0.0,0.0,0.0,2.7569764598092643,2.216461839752078,12.878725132806904,0.0,0.0,0.0,0.0,0.0,13.735740535941487,14.753050463033526,1.1793129501954787,0.0,0.0,0.0,0.0,0.0,3.5250615029580876,10.201723230203669,1.0277836812507735,0.0,0.0,0.0,0.0,0.0,6.203197034570844,10.095057657800954,0.449802788352495,0.0,0.0,0.0,0.0,0.0,1.3784882299046322,3.3971728270835015,0.43582561333633907,0.0,0.0,0.0,0.0,0.0,1.3784882299046322,1.763930910340131,0.0,0.0,0.0,0.0,0.0,0.0
1587074400-1587333599:18.952774541446463,11.318727108920005,0.5505779032411579,0.0,0.0,0.0,0.0,0.0,4.737844631913296,29.497019580566576,3.846746785472732,0.0,0.0,0.0,0.0,0.0,13.442201075256499,9.476084205333962,22.20761553981704,0.0,0.0,0.0,0.0,0.0,27.092271305250527,24.18896173850976,4.288215787276831,0.0,0.0,0.0,0.0,0.0,10.090363738306257,20.516143043651493,1.6646825806992607,0.0,0.0,0.0,0.0,0.0,5.668373160375734,8.0932013107302,1.245770280470854,0.0,0.0,0.0,0.0,0.0,1.3784882299046322,2.2304528383159297,0.9113543154614464,0.0,0.0,0.0,0.0,0.0,2.7569764598092643,1.677218173347554,0.0,0.0,0.0,0.0,0.0,0.0
1587160800-1587419999:18.952774541446463,13.989546944007083,0.5505779032411579,0.0,0.0,0.0,0.0,0.0,4.596965308865234,29.691356464251538,1.667618718791037,0.0,0.0,0.0,0.0,0.0,14.946267607379774,14.364857232284127,19.745961800089265,0.0,0.0,0.0,0.0,0.0,28.638720693621508,26.6129132149224,7.325017905615049,0.0,0.0,0.0,0.0,0.0,9.939456628185326,26.461809667927785,11.405716474974662,0.0,0.0,0.0,0.0,0.0,5.564203424276937,5.46733078168955,0.7959674921183588,0.0,0.0,0.0,0.0,0.0,1.5464493883709796,1.1299445719833434,1.9021148085004294,0.0,0.0,0.0,0.0,0.0,1.3784882299046322,1.1667199887675719,0.0,0.0,0.0,0.0,0.0,0.0
1587247200-1587506399:7.072776172116386,13.670867513120786,0.5505779032411579,0.0,0.0,0.0,0.0,0.0,1.5464493883709796,25.93282148086226,3.701471581027286,0.0,0.0,0.0,0.0,0.0,12.189291147570508,13.295336606127215,14.576706886703457,0.0,0.0,0.0,0.0,0.0,15.25465579216816,25.43843723785549,5.431781189485529,0.0,0.0,0.0,0.0,0.0,9.47996055155045,26.26257941314426,6.461700465490766,0.0,0.0,0.0,0.0,0.0,3.7262191177374273,4.10546159066866,0.7959674921183588,0.0,0.0,0.0,0.0,0.0,1.5464493883709796,1.2593611255983006,1.9021148085004294,0.0,0.0,0.0,0.0,0.0,1.3784882299046322,1.1667199887675719,0.0,0.0,0.0,0.0,0.0,0.0
1587333600-1587592799:13.875956554322919,17.142633539689058,0.0,0.0,0.0,0.0,0.0,0.0,18.1063240303936,43.78032633926174,4.527961987686273,0.0,0.0,0.0,0.0,0.0,10.178202975405041,7.185327624096269,10.921107178837605,0.0,0.0,0.0,0.0,0.0,23.134998873854176,40.518463776126836,2.7984891242532504,0.0,0.0,0.0,0.0,0.0,19.053681010529427,16.11841634912273,7.303392226405985,0.0,0.0,0.0,0.0,0.0,5.935921558260635,7.930558710095729,0.0,0.0,0.0,0.0,0.0,0.0,4.554582452617528,2.764101878185529,0.9510574042502147,0.0,0.0,0.0,0.0,0.0,0.0,1.1667199887675719,0.0,0.0,0.0,0.0,0.0,0.0
1587420000-1587679199:113.91723279315181,29.94248358533606,0.5046087676667362,0.0,0.0,0.0,0.0,0.0,61.19956881438194,114.04766119017575,8.014566894376985,0.0,0.0,0.0,0.0,0.0,23.711794480442602,11.622448555971339,24.933499302961497,0.0,0.0,0.0,0.0,0.0,72.68609849541572,73.29370831170722,8.64236545790502,0.0,0.0,0.0,0.0,0.0,40.683487855506755,36.752844958424035,5.708307534433054,0.0,0.0,0.0,0.0,0.0,30.982943390057237,22.188818536780357,0.8716512266726781,0.0,0.0,0.0,0.0,0.0,9.254315516006976,1.5047407525872283,0.449802788352495,0.0,0.0,0.0,0.0,0.0,0.0,0.0,0.0,0.0,0.0,0.0,0.0,0.0
1587506400-1587765599:127.16688410685686,38.28091351208936,2.6787714672515754,0.0,0.0,0.0,0.0,0.0,67.0288854467865,134.56981451750212,4.527961987686273,0.0,0.0,0.0,0.0,0.0,34.48330670638467,25.21597271414754,42.66415283995512,0.0,0.0,0.0,0.0,0.0,110.73030725450575,151.03694663141448,45.11265200425597,0.0,0.0,0.0,0.0,0.0,48.16802964515598,50.96958786007105,42.09794113793309,0.0,0.0,0.0,0.0,0.0,60.70256729108911,35.88309113306554,3.770965769244673,0.0,0.0,0.0,0.0,0.0,10.800764904377955,7.991784291357118,0.449802788352495,0.0,0.0,0.0,0.0,0.0,0.0,0.0,0.0,0.0,0.0,0.0,0.0,0.0
1587592800-1587851999:149.46997053686033,38.695672780632904,2.6787714672515754,0.0,0.0,0.0,0.0,0.0,72.9676578807856,132.03043495616797,4.932725885517292,0.0,0.0,0.0,0.0,0.0,28.862537059335622,35.230593387699585,53.23771345985912,0.0,0.0,0.0,0.0,0.0,105.24665744860602,145.20571500676684,45.65556505713126,0.0,0.0,0.0,0.0,0.0,40.10122659403875,69.47489686898832,40.71258626873288,0.0,0.0,0.0,0.0,0.0,61.15794593188224,43.39058553522816,3.770965769244673,0.0,0.0,0.0,0.0,0.0,7.792631840131408,10.265430894190049,0.449802788352495,0.0,0.0,0.0,0.0,0.0,0.0,0.8711114647534287,0.0,0.0,0.0,0.0,0.0,0.0
1587679200-1587938399:52.34335261423373,29.18316104094532,3.170480890058923,0.0,0.0,0.0,0.0,0.0,33.46803622587853,70.02581704021961,6.303044967395591,0.0,0.0,0.0,0.0,0.0,26.0383462071057,29.16178348536114,55.78594802831601,0.0,0.0,0.0,0.0,0.0,74.45069122225853,118.50266366659939,66.35801676446773,0.0,0.0,0.0,0.0,0.0,18.471419749061425,43.87858101105394,88.7879241460168,0.0,0.0,0.0,0.0,0.0,44.93689174248523,35.45685321909978,82.60476978049877,0.0,0.0,0.0,0.0,0.0,1.5464493883709796,14.784180821613676,79.70545523792677,0.0,0.0,0.0,0.0,0.0,1.6873287114190418,2.591066118489376,0.9963181904740837,0.0,0.0,0.0,0.0,0.0
1587765600-1588024799:46.462569674762335,20.836762665795355,0.9963181904740837,0.0,0.0,0.0,0.0,0.0,100.03207729787303,57.31509897067201,9.122071788792567,0.0,0.0,0.0,0.0,0.0,18.359732757905604,22.629832563008538,43.92918373150885,0.0,0.0,0.0,0.0,0.0,56.041954126865306,47.66605329168702,33.39694844043287,0.0,0.0,0.0,0.0,0.0,48.7727923877318,33.56203058971914,54.850983254258324,0.0,0.0,0.0,0.0,0.0,47.69733638258034,30.736612949645995,80.19623441568118,0.0,0.0,0.0,0.0,0.0,0.0,14.573026805059587,79.70545523792677,0.0,0.0,0.0,0.0,0.0,1.6873287114190418,2.591066118489376,0.9963181904740837,0.0,0.0,0.0,0.0,0.0
1587852000-1588111199:32.32005317918065,19.638050774376456,0.9963181904740837,0.0,0.0,0.0,0.0,0.0,107.69826281617775,66.02988664758153,11.162555716656701,0.0,0.0,0.0,0.0,0.0,24.726986961210848,16.56429989203875,32.24788997358268,0.0,0.0,0.0,0.0,0.0,55.33815070434575,42.45053147999482,31.759916809420222,0.0,0.0,0.0,0.0,0.0,56.36737619582028,25.085297515582866,54.59867887042496,0.0,0.0,0.0,0.0,0.0,45.151608530937175,20.275132892809744,80.19623441568118,0.0,0.0,0.0,0.0,0.0,0.0,12.46413108937249,81.25235133164202,0.0,0.0,0.0,0.0,0.0,1.6873287114190418,2.4316220917230003,0.9963181904740837,0.0,0.0,0.0,0.0,0.0
1587938400-1588197599:38.26249857032409,13.32001371449173,0.449802788352495,0.0,0.0,0.0,0.0,0.0,71.0216817013088,70.53344825992342,11.29316359291922,0.0,0.0,0.0,0.0,0.0,13.970848934381074,13.809124282032304,21.727823914122215,0.0,0.0,0.0,0.0,0.0,46.08172469186482,50.113883362294644,10.189586734115624,0.0,0.0,0.0,0.0,0.0,68.5926245010311,24.10617439831542,7.39942066286865,0.0,0.0,0.0,0.0,0.0,38.20189061548305,15.639670803932272,0.490779177754402,0.0,0.0,0.0,0.0,0.0,1.5464493883709796,10.233399908543035,1.9966988820677365,0.0,0.0,0.0,0.0,0.0,0.0,0.711667437987053,0.0,0.0,0.0,0.0,0.0,0.0
1588024800-1588283999:47.766917310280874,15.239509263135414,0.449802788352495,0.0,0.0,0.0,0.0,0.0,33.60447530633755,89.35851909898042,10.265968007449583,0.0,0.0,0.0,0.0,0.0,14.022608027159297,25.12460245208246,26.94327089087074,0.0,0.0,0.0,0.0,0.0,35.09918841848785,69.74108511973446,11.236674410057232,0.0,0.0,0.0,0.0,0.0,56.50130397370248,36.897027488401314,8.483720415262106,0.0,0.0,0.0,0.0,0.0,15.98299373289798,7.790555414181735,0.0,0.0,0.0,0.0,0.0,0.0,3.2337780997900216,6.424408575349924,2.1649018046233155,0.0,0.0,0.0,0.0,0.0,0.0,0.711667437987053,0.0,0.0,0.0,0.0,0.0,0.0
1588111200-1588370399:19.8247403315695,5.87631796119973,0.89960557670499,0.0,0.0,0.0,0.0,0.0,4.35863486528085,62.66295355186233,12.371738163631983,0.0,0.0,0.0,0.0,0.0,4.601987027621321,23.24303646922652,29.819238385038805,0.0,0.0,0.0,0.0,0.0,28.734041851886325,55.324593412280564,16.80909784860013,0.0,0.0,0.0,0.0,0.0,51.82298308851907,38.275827720251705,12.932539027163166,0.0,0.0,0.0,0.0,0.0,23.439549093676877,9.888082291839858,1.221219584650331,0.0,0.0,0.0,0.0,0.0,3.2337780997900216,5.407029689398351,1.8392252955584047,0.0,0.0,0.0,0.0,0.0,0.0,0.0,0.449802788352495,0.0,0.0,0.0,0.0,0.0
1588197600-1588456799:18.867947217121085,6.457043944224368,0.695192377229696,0.0,0.0,0.0,0.0,0.0,4.35863486528085,70.19048077574662,11.327265093678133,0.0,0.0,0.0,0.0,0.0,4.35863486528085,23.23574261817354,29.633800682883127,0.0,0.0,0.0,0.0,0.0,21.7419410801845,47.04505308856753,15.635484349191714,0.0,0.0,0.0,0.0,0.0,29.266686382947917,35.66676053895812,13.649714948251676,0.0,0.0,0.0,0.0,0.0,16.980667589467373,10.272345346798135,1.4461209788265785,0.0,0.0,0.0,0.0,0.0,1.6873287114190418,5.1947993155336505,1.6984253626599468,0.0,0.0,0.0,0.0,0.0,0.0,0.0,0.449802788352495,0.0,0.0,0.0,0.0,0.0
1588284000-1588543199:10.431303660025879,3.980544557985665,0.695192377229696,0.0,0.0,0.0,0.0,0.0,12.543893938761187,41.24478819918406,9.262176156689998,0.0,0.0,0.0,0.0,0.0,7.6901590008389995,6.449601422125194,34.63083287173141,0.0,0.0,0.0,0.0,0.0,23.569582878336792,19.560409983664417,11.630513321002216,0.0,0.0,0.0,0.0,0.0,30.54109337811372,22.660390542255424,9.494132608104373,0.0,0.0,0.0,0.0,0.0,22.983497878887334,6.898094751432304,0.9479618835895368,0.0,0.0,0.0,0.0,0.0,3.1446578695201812,2.913480969125587,0.9479618835895368,0.0,0.0,0.0,0.0,0.0,1.4573291581011394,1.6974995517771463,0.449802788352495,0.0,0.0,0.0,0.0,0.0
1588370400-1588629599:18.247621599181894,13.292029167325737,1.36243040442708,0.0,0.0,0.0,0.0,0.0,20.871533847805118,61.396131929171936,14.526467892346238,0.0,0.0,0.0,0.0,0.0,14.345771219293308,19.72276137787453,46.7481454083392,0.0,0.0,0.0,0.0,0.0,51.53502725012364,76.52112962438585,12.323669872454193,0.0,0.0,0.0,0.0,0.0,48.72725403140377,52.37386701299023,13.281500859200689,0.0,0.0,0.0,0.0,0.0,45.45921606037311,42.818312539861445,4.825582434639774,0.0,0.0,0.0,0.0,0.0,9.039014422576617,22.6953817503406,4.711110953899415,0.0,0.0,0.0,0.0,0.0,1.4573291581011394,5.558733451152805,4.815258940984759,0.0,0.0,0.0,0.0,0.0
1588456800-1588715999:19.127047607750395,17.434498221059183,2.2479112210120924,0.0,0.0,0.0,0.0,0.0,18.659723770578186,57.78620681628055,14.574792247190471,0.0,0.0,0.0,0.0,0.0,14.58912338163378,20.26744912279884,90.35810515187774,0.0,0.0,0.0,0.0,0.0,44.82955361742306,68.14201613477823,12.629339974780807,0.0,0.0,0.0,0.0,0.0,51.368125958189125,60.74997986831145,18.128411298088086,0.0,0.0,0.0,0.0,0.0,42.414965762689405,42.34875526319841,7.342589017093829,0.0,0.0,0.0,0.0,0.0,10.266595542360317,23.983026395352386,5.763942405537496,0.0,0.0,0.0,0.0,0.0,4.293146546106911,7.024785851844682,4.271718266088548,0.0,0.0,0.0,0.0,0.0
1588543200-1588802399:16.51334769158404,20.14773596274134,2.4933008098892935,0.0,0.0,0.0,0.0,0.0,11.163708812050167,81.05361500556052,13.574790179153148,0.0,0.0,0.0,0.0,0.0,14.589123381633781,22.047340816444894,100.60958337681554,0.0,0.0,0.0,0.0,0.0,41.40871092461548,72.4085926786479,34.91416326142607,0.0,0.0,0.0,0.0,0.0,44.35553039026572,57.11028103299561,19.983471784009005,0.0,0.0,0.0,0.0,0.0,35.484026821450676,44.72862893740241,9.516751716678668,0.0,0.0,0.0,0.0,0.0,7.3519372261580385,24.196392945741213,7.101357974737179,0.0,0.0,0.0,0.0,0.0,1.3784882299046322,5.981808789552389,4.090538041123145,0.0,0.0,0.0,0.0,0.0
1588629600-1588888799:16.71921230380511,10.932060483804895,0.6682018269182035,0.0,0.0,0.0,0.0,0.0,1.3784882299046322,68.46819639907655,11.347669430281128,0.0,0.0,0.0,0.0,0.0,7.7502489838837025,5.257126606509045,90.85306831805099,0.0,0.0,0.0,0.0,0.0,11.691341642648698,20.742316768739325,31.14126952158302,0.0,0.0,0.0,0.0,0.0,25.302375827905962,22.191097047942833,13.341436597902339,0.0,0.0,0.0,0.0,0.0,12.164644284255367,5.65145622405232,1.524265700603307,0.0,0.0,0.0,0.0,0.0,0.0,2.4474627733605505,1.9957796186558103,0.0,0.0,0.0,0.0,0.0,1.3784882299046322,1.0281643990398113,0.0,0.0,0.0,0.0,0.0,0.0
1588716000-1588975199:15.11368797749224,15.373934412027356,0.245389588877201,0.0,0.0,0.0,0.0,0.0,4.6616030644548,54.85181615822769,10.120386553002154,0.0,0.0,0.0,0.0,0.0,1.5040665321232742,6.487782909244522,96.42778001864723,0.0,0.0,0.0,0.0,0.0,9.371459608274563,18.204235375365023,34.14935660283778,0.0,0.0,0.0,0.0,0.0,19.64424533928546,13.413530133978366,11.644598248278667,0.0,0.0,0.0,0.0,0.0,11.1806668418126,4.894299514532829,1.9473755947242983,0.0,0.0,0.0,0.0,0.0,0.0,1.576351308607122,2.4560468635106036,0.0,0.0,0.0,0.0,0.0,1.3784882299046322,0.8987478454248541,0.0,0.0,0.0,0.0,0.0,0.0
1588802400-1589061599:15.432870967393871,9.824996784623071,0.0,0.0,0.0,0.0,0.0,0.0,5.9585384242537245,44.15203061025183,9.370388196458219,0.0,0.0,0.0,0.0,0.0,15.40486242847323,3.973972466501401,76.28007830044326,0.0,0.0,0.0,0.0,0.0,32.36745910550966,17.747104912950377,11.51145250042508,0.0,0.0,0.0,0.0,0.0,34.47648353399612,11.6318928669832,9.668115191620895,0.0,0.0,0.0,0.0,0.0,16.126836512855707,4.480840766245789,1.9473755947242983,0.0,0.0,0.0,0.0,0.0,0.8436643557095209,2.011907040983836,1.2263463558707937,0.0,0.0,0.0,0.0,0.0,1.3784882299046322,1.0675020221749985,0.0,0.0,0.0,0.0,0.0,0.0
1588888800-1589147999:14.218893971633204,12.153636228776875,0.0,0.0,0.0,0.0,0.0,0.0,9.290062559811874,46.905290334713065,18.835701452736494,0.0,0.0,0.0,0.0,0.0,15.40486242847323,4.18734123716992,124.17319778535388,0.0,0.0,0.0,0.0,0.0,38.003238370514275,24.882025000824598,52.02894776178671,0.0,0.0,0.0,0.0,0.0,32.372895678132245,15.085105096763902,50.825673447514944,0.0,0.0,0.0,0.0,0.0,12.90333771513902,11.081857520489077,4.800547807474942,0.0,0.0,0.0,0.0,0.0,0.8436643557095209,2.5224052255638183,0.47552870212510734,0.0,0.0,0.0,0.0,0.0,0.0,0.2785019187975081,0.0,0.0,0.0,0.0,0.0,0.0
1588975200-1589234399:121.69627205899391,69.43787413523748,5.0948923924413805,0.0,0.0,0.0,0.0,0.0,118.48009390189343,222.47750995909738,35.556210714344594,0.0,0.0,0.0,0.0,0.0,65.58575223061354,66.87040839691194,122.08078827361759,0.0,0.0,0.0,0.0,0.0,181.9244002044251,209.69396327223268,64.17631778478952,0.0,0.0,0.0,0.0,0.0,111.3651716573318,108.45163129587652,70.74706888692315,0.0,0.0,0.0,0.0,0.0,106.27601858955025,75.83567013217274,11.829571859568633,0.0,0.0,0.0,0.0,0.0,18.357457562413714,17.374178878581773,6.1808703029339265,0.0,0.0,0.0,0.0,0.0,1.5040665321232742,0.8349991320418609,0.0,0.0,0.0,0.0,0.0,0.0
1589061600-1589320799:184.2396601919439,72.43053803831549,5.0948923924413805,0.0,0.0,0.0,0.0,0.0,122.02515847703881,256.57400744966577,30.326303354308518,0.0,0.0,0.0,0.0,0.0,51.024554157849835,82.96266112743136,127.7773977282474,0.0,0.0,0.0,0.0,0.0,203.67117937104337,250.38548080406255,67.08558417991775,0.0,0.0,0.0,0.0,0.0,103.38018372105277,117.71936891976698,72.72352454718909,0.0,0.0,0.0,0.0,0.0,103.25927461110358,82.1891700231192,11.829571859568633,0.0,0.0,0.0,0.0,0.0,18.8494462836351,20.434105355693383,6.1808703029339265,0.0,0.0,0.0,0.0,0.0,1.5040665321232742,1.592926460555979,0.245389588877201,0.0,0.0,0.0,0.0,0.0
1589148000-1589407199:195.78799369376387,73.30887631045849,5.0948923924413805,0.0,0.0,0.0,0.0,0.0,115.93314475103514,316.4507324577146,26.25690983249026,0.0,0.0,0.0,0.0,0.0,55.50481848499518,96.23356629203336,92.87486023801901,0.0,0.0,0.0,0.0,0.0,206.2253287073466,257.18057464943723,26.058300288065066,0.0,0.0,0.0,0.0,0.0,103.31234214837404,121.16857412693537,26.264028404298568,0.0,0.0,0.0,0.0,0.0,105.370882075304,79.20933914444768,9.709795168455647,0.0,0.0,0.0,0.0,0.0,19.100124038988977,22.799489566675962,5.229812898683711,0.0,0.0,0.0,0.0,0.0,1.5040665321232742,2.6293557078676053,0.490779177754402,0.0,0.0,0.0,0.0,0.0
1589234400-1589493599:89.44542744909225,23.85429924208734,0.0,0.0,0.0,0.0,0.0,0.0,7.05792744801299,161.1891075243809,14.565209516764668,0.0,0.0,0.0,0.0,0.0,4.710012365462782,44.9631607987791,68.81542998020113,0.0,0.0,0.0,0.0,0.0,68.65661177994593,98.61809132510268,6.7056663764042455,0.0,0.0,0.0,0.0,0.0,22.85039747739269,35.52716084508173,7.26277507455128,0.0,0.0,0.0,0.0,0.0,18.220447339341554,18.82208252887795,2.280824677428135,0.0,0.0,0.0,0.0,0.0,5.585964470064088,8.483974553013434,0.9510574042502147,0.0,0.0,0.0,0.0,0.0,0.0,2.0728584946232522,0.490779177754402,0.0,0.0,0.0,0.0,0.0
1589320800-1589579999:38.319553167419485,28.07960987814742,0.0,0.0,0.0,0.0,0.0,0.0,2.8825547620279064,160.15834167556443,13.227988682560964,0.0,0.0,0.0,0.0,0.0,4.710012365462782,44.7608745294844,66.54475375593677,0.0,0.0,0.0,0.0,0.0,22.737358047122278,77.40213635138392,6.940579726150819,0.0,0.0,0.0,0.0,0.0,13.16107187178908,33.15800984351553,6.341803741273235,0.0,0.0,0.0,0.0,0.0,13.543132514159998,12.428774697402842,2.280824677428135,0.0,0.0,0.0,0.0,0.0,2.9146583162022788,3.849231571650588,0.9510574042502147,0.0,0.0,0.0,0.0,0.0,0.0,0.0,0.0,0.0,0.0,0.0,0.0,0.0
1589407200-1589666399:29.774905963635856,21.82135128811312,0.36236044993080657,0.0,0.0,0.0,0.0,0.0,2.8825547620279064,102.22913663559734,7.560471657488478,0.0,0.0,0.0,0.0,0.0,2.7569764598092643,29.312467902710125,56.97407890970569,0.0,0.0,0.0,0.0,0.0,18.340578439301282,62.26654421939373,5.360246590432463,0.0,0.0,0.0,0.0,0.0,17.19018123878108,24.37544596802307,6.14085739227574,0.0,0.0,0.0,0.0,0.0,8.192285334752883,8.172883120425569,0.5046087676667362,0.0,0.0,0.0,0.0,0.0,2.9146583162022788,5.969165290095112,0.0,0.0,0.0,0.0,0.0,0.0,0.0,0.0,0.0,0.0,0.0,0.0,0.0,0.0
1589493600-1589752799:17.833449875681477,15.991260007545955,1.863995757422179,0.0,0.0,0.0,0.0,0.0,12.194349259417287,92.44078932000743,11.227004036397755,0.0,0.0,0.0,0.0,0.0,23.77308554694313,39.907842802565995,57.33470853385052,0.0,0.0,0.0,0.0,0.0,10.020316223317305,48.34095478088914,10.673491432407333,0.0,0.0,0.0,0.0,0.0,19.606555816625587,29.03226782232078,5.4955336932865055,0.0,0.0,0.0,0.0,0.0,13.283477059731881,19.31759192721851,1.4418365820046166,0.0,0.0,0.0,0.0,0.0,0.4594960766348774,6.072745134289679,0.5505779032411579,0.0,0.0,0.0,0.0,0.0,0.0,1.7651784615981994,0.0,0.0,0.0,0.0,0.0,0.0
1589580000-1589839199:20.786498643756847,13.983173166469223,2.735646984094857,0.0,0.0,0.0,0.0,0.0,17.757098115709972,73.38390995000812,8.502459412808756,0.0,0.0,0.0,0.0,0.0,31.45567093021363,40.8258184336253,61.20400888454644,0.0,0.0,0.0,0.0,0.0,16.44406206871592,56.64932342712888,10.899141712406623,0.0,0.0,0.0,0.0,0.0,30.145037008668627,30.87113410534133,9.237412889252928,0.0,0.0,0.0,0.0,0.0,16.067226412385303,27.161295735164437,2.1923000610750263,0.0,0.0,0.0,0.0,0.0,1.3031604323443984,7.853931956735013,1.6376592530335774,0.0,0.0,0.0,0.0,0.0,0.0,2.4768458995852525,0.0,0.0,0.0,0.0,0.0,0.0
1589666400-1589925599:26.83686420045559,17.359082259866224,3.244937760836729,0.0,0.0,0.0,0.0,0.0,19.55186185767269,119.73935160786256,5.917760119230168,0.0,0.0,0.0,0.0,0.0,36.03635331223783,53.50476763515059,50.28334647217574,0.0,0.0,0.0,0.0,0.0,23.057747543319454,87.02195886266037,10.944012899821036,0.0,0.0,0.0,0.0,0.0,27.579602348916346,34.471519861042275,10.811375016857784,0.0,0.0,0.0,0.0,0.0,14.717294951129825,30.474383801295,2.1923000610750263,0.0,0.0,0.0,0.0,0.0,1.3031604323443984,8.512652491666294,1.6376592530335774,0.0,0.0,0.0,0.0,0.0,0.0,2.4768458995852525,0.0,0.0,0.0,0.0,0.0,0.0
1589752800-1590011999:44.50243616375762,18.194164762520675,1.7433024533453563,0.0,0.0,0.0,0.0,0.0,14.164963507800163,126.71885236234317,3.604202690106858,0.0,0.0,0.0,0.0,0.0,11.459327211138948,73.56220887930608,50.43184687745287,0.0,0.0,0.0,0.0,0.0,36.90819274928859,79.4325976916193,10.06422163954461,0.0,0.0,0.0,0.0,0.0,18.477758736775755,22.51198083580934,8.759811186102905,0.0,0.0,0.0,0.0,0.0,17.472181173662616,24.046567986143945,3.0518855529756306,0.0,0.0,0.0,0.0,0.0,6.2893157390403625,8.510628778780616,2.053389229671929,0.0,0.0,0.0,0.0,0.0,1.6873287114190418,1.5100476129666829,0.490779177754402,0.0,0.0,0.0,0.0,0.0
1589839200-1590098399:57.90160562398154,12.502498693598177,0.490779177754402,0.0,0.0,0.0,0.0,0.0,7.423177953397471,155.02859588702938,7.2427550160986005,0.0,0.0,0.0,0.0,0.0,1.5040665321232742,81.60109702202023,48.15347993256263,0.0,0.0,0.0,0.0,0.0,31.805800551508167,68.30888846329532,10.526186092185428,0.0,0.0,0.0,0.0,0.0,15.70943370857741,29.602333871272435,12.321494908057502,0.0,0.0,0.0,0.0,0.0,10.464688425025445,21.280846549134967,2.546346540255949,0.0,0.0,0.0,0.0,0.0,9.420117969537047,6.125255179694784,2.8595445960090307,0.0,0.0,0.0,0.0,0.0,1.6873287114190418,1.6694916397330586,0.490779177754402,0.0,0.0,0.0,0.0,0.0
1589925600-1590184799:488.74798308373033,482.9151268886092,92.66816260737691,0.0,0.0,0.0,0.0,0.0,245.1644081919439,3068.5860441137534,482.52776698893564,0.0,0.0,0.0,0.0,0.0,80.99912073038048,902.1640551426608,1514.5882766420973,0.0,0.0,0.0,0.0,0.0,303.6200859903975,1424.455318090716,668.4795975005036,0.0,0.0,0.0,0.0,0.0,188.97592758516248,902.8749640466126,497.5288505071398,0.0,0.0,0.0,0.0,0.0,82.78301176439477,415.6300382156679,160.5136584163647,0.0,0.0,0.0,0.0,0.0,38.490838514821064,282.25888483289725,65.85653971350223,0.0,0.0,0.0,0.0,0.0,16.302113516485722,238.58851267748443,27.38784698308058,0.0,0.0,0.0,0.0,0.0
1590012000-1590271199:620.3536893951866,637.3600279882928,205.99158419471112,0.0,0.0,0.0,0.0,0.0,341.8409635019388,4460.201305341275,775.4692269575361,0.0,0.0,0.0,0.0,0.0,161.10207701831266,1335.0072856885909,2296.724969131567,0.0,0.0,0.0,0.0,0.0,492.3834345069036,2180.459381928309,1027.1992987559288,0.0,0.0,0.0,0.0,0.0,331.85793793367145,1350.416021434048,853.1082708655856,0.0,0.0,0.0,0.0,0.0,136.61418234639459,658.2618266977009,324.85786451830785,0.0,0.0,0.0,0.0,0.0,38.907704334176934,459.8257382251217,108.78899356876364,0.0,0.0,0.0,0.0,0.0,20.61761509448664,333.89485187977175,37.79721646812425,0.0,0.0,0.0,0.0,0.0
1590098400-1590357599:617.6098187449797,773.0742276050872,352.83946077102314,0.0,0.0,0.0,0.0,0.0,371.1538241250438,5095.04748006275,1038.4489744920377,0.0,0.0,0.0,0.0,0.0,191.03870936323133,1596.028264952471,3052.7763274581903,0.0,0.0,0.0,0.0,0.0,541.1638159281474,2706.9938828220156,1442.2209741888869,0.0,0.0,0.0,0.0,0.0,375.50770528381565,1815.8456244152699,1242.0707223410013,0.0,0.0,0.0,0.0,0.0,154.31056317379478,852.2317837761468,418.47617757893755,0.0,0.0,0.0,0.0,0.0,51.29944474201981,619.3094416862255,147.10895720558725,0.0,0.0,0.0,0.0,0.0,27.28066336560294,474.09985576132414,52.8656572692242,0.0,0.0,0.0,0.0,0.0
1590184800-1590443999:452.44952559187743,477.00026879310036,365.8674649175683,0.0,0.0,0.0,0.0,0.0,508.661384034414,2831.6101408863497,769.5035099603797,0.0,0.0,0.0,0.0,0.0,301.887317894299,1126.2185021220562,2196.6047048663277,0.0,0.0,0.0,0.0,0.0,530.7216115462228,1967.5811813611058,1180.5905558344289,0.0,0.0,0.0,0.0,0.0,394.582941195616,1371.489246057801,1097.821878308151,0.0,0.0,0.0,0.0,0.0,279.4235084913022,690.2233327807702,455.3157969550215,0.0,0.0,0.0,0.0,0.0,315.71253210161717,541.9373343446273,176.15156703743506,0.0,0.0,0.0,0.0,0.0,152.3744430153357,301.4290338680187,96.38388626162352,0.0,0.0,0.0,0.0,0.0
1590271200-1590530399:635.9916817007479,497.3164821859765,265.6904910453552,0.0,0.0,0.0,0.0,0.0,537.5880674468852,2085.883439014548,605.4900717168149,0.0,0.0,0.0,0.0,0.0,255.4929719784696,790.2789327183857,1669.8296048377767,0.0,0.0,0.0,0.0,0.0,395.28151377574426,1374.562390046009,959.132978063799,0.0,0.0,0.0,0.0,0.0,300.23795334059827,1055.939862535285,849.990385503511,0.0,0.0,0.0,0.0,0.0,233.0468765894834,493.21948790676163,353.7473286127413,0.0,0.0,0.0,0.0,0.0,312.401686168095,382.38469855649635,189.68946747910786,0.0,0.0,0.0,0.0,0.0,150.8823086802496,214.942672851594,99.57168767486671,0.0,0.0,0.0,0.0,0.0
1590357600-1590616799:737.7712793270393,401.6560776828904,230.90143009855421,0.0,0.0,0.0,0.0,0.0,582.3510488479319,1653.3543083048494,479.2689237547831,0.0,0.0,0.0,0.0,0.0,239.1951711192381,556.9594187143462,1120.1561007663906,0.0,0.0,0.0,0.0,0.0,417.66209878342323,939.5272959892068,696.4530771836617,0.0,0.0,0.0,0.0,0.0,303.28625947631826,636.4459057154727,573.1943957880255,0.0,0.0,0.0,0.0,0.0,214.89836841782727,314.4492904137303,364.2987199068175,0.0,0.0,0.0,0.0,0.0,297.4289968428311,227.19976216929274,244.177324851834,0.0,0.0,0.0,0.0,0.0,147.55078454469145,76.3184870721068,176.45098196551933,0.0,0.0,0.0,0.0,0.0
1590444000-1590703199:715.2467691797416,317.70146402509926,126.47425178046745,0.0,0.0,0.0,0.0,0.0,341.9954744293798,1313.3948743014569,297.8571766154007,0.0,0.0,0.0,0.0,0.0,54.03734238056485,259.2526505499214,703.3075266992389,0.0,0.0,0.0,0.0,0.0,188.4336260826675,392.9009127337992,388.43391941105233,0.0,0.0,0.0,0.0,0.0,142.85067079179618,293.6029430678887,286.5471775263137,0.0,0.0,0.0,0.0,0.0,19.772346132074322,104.0350856566053,209.66012901036896,0.0,0.0,0.0,0.0,0.0,10.888628893643144,43.23903447174553,200.61505427988993,0.0,0.0,0.0,0.0,0.0,6.106733592465457,13.892851061264487,155.81776070686334,0.0,0.0,0.0,0.0,0.0
1590530400-1590789599:534.4954658245841,188.75726654333135,118.4925711706364,0.0,0.0,0.0,0.0,0.0,267.7457164134383,923.662413266479,187.21600757864329,0.0,0.0,0.0,0.0,0.0,31.49042122975376,156.51964341538388,532.0576878124446,0.0,0.0,0.0,0.0,0.0,149.41783636270827,246.51653008038647,295.6318231499412,0.0,0.0,0.0,0.0,0.0,124.99258984440353,213.84491997850873,204.26826263746202,0.0,0.0,0.0,0.0,0.0,17.178475412476473,74.97463431649756,155.00544093790916,0.0,0.0,0.0,0.0,0.0,15.724219561324567,38.15303356952536,145.98441288613515,0.0,0.0,0.0,0.0,0.0,5.810343256041993,14.063877365930718,140.96382853424382,0.0,0.0,0.0,0.0,0.0
1590616800-1590875999:403.86848231480167,162.95409102433254,6.603483358730392,0.0,0.0,0.0,0.0,0.0,201.15169709685517,707.7407844212947,50.36729780897094,0.0,0.0,0.0,0.0,0.0,17.712297837564567,121.58375726679091,319.090442155044,0.0,0.0,0.0,0.0,0.0,80.73749384604373,169.4429287972394,148.846796249597,0.0,0.0,0.0,0.0,0.0,90.02824455049259,184.37248920144256,94.09052818976002,0.0,0.0,0.0,0.0,0.0,17.22085826872418,64.21940827093825,71.92053873775313,0.0,0.0,0.0,0.0,0.0,15.724219561324567,34.71474720151277,49.987892297234666,0.0,0.0,0.0,0.0,0.0,8.481649409903802,13.451427894536238,50.04585185570655,0.0,0.0,0.0,0.0,0.0
1590703200-1590962399:167.35968997869838,83.06716492184165,38.57379257912308,0.0,0.0,0.0,0.0,0.0,74.2655965223227,454.64783362778627,50.47663900768878,0.0,0.0,0.0,0.0,0.0,19.57685836841879,109.15958581176417,225.02079743978146,0.0,0.0,0.0,0.0,0.0,43.113533762991985,167.89994631138217,127.28570337271924,0.0,0.0,0.0,0.0,0.0,54.15665470280114,181.3911841978462,84.88084265319596,0.0,0.0,0.0,0.0,0.0,8.274083650818387,50.075111982680525,47.868635355182974,0.0,0.0,0.0,0.0,0.0,5.3164018729558045,30.644081753768656,14.599852678767139,0.0,0.0,0.0,0.0,0.0,4.092629536740168,12.888549284953971,104.1867663748987,0.0,0.0,0.0,0.0,0.0
1590789600-1591048799:18.902418614141233,50.994847919601405,41.54988136035381,0.0,0.0,0.0,0.0,0.0,23.310337819795187,192.10544073276623,49.68086859355463,0.0,0.0,0.0,0.0,0.0,12.35006516848741,106.78000094654533,152.3618253934402,0.0,0.0,0.0,0.0,0.0,35.98735667675662,197.5784999303548,85.90694805501052,0.0,0.0,0.0,0.0,0.0,33.18491631103009,153.66968568315366,64.12345323699422,0.0,0.0,0.0,0.0,0.0,15.192355330875554,58.23485229087595,45.39164511710652,0.0,0.0,0.0,0.0,0.0,4.81543177385111,26.367861149245282,17.31465649070357,0.0,0.0,0.0,0.0,0.0,1.7951491535657818,7.82458029926176,104.18676637489871,0.0,0.0,0.0,0.0,0.0
1590876000-1591135199:46.5506289790822,47.890734899614735,88.01488396322418,0.0,0.0,0.0,0.0,0.0,67.9331317352592,176.0299869075976,74.35781897670081,0.0,0.0,0.0,0.0,0.0,30.23516712942987,162.9665901843529,200.17483714088354,0.0,0.0,0.0,0.0,0.0,74.029075055061,237.73843326265467,137.46359205995373,0.0,0.0,0.0,0.0,0.0,49.1840125421169,150.39159254857452,161.0777317532671,0.0,0.0,0.0,0.0,0.0,22.355551945746658,83.31018053388541,44.53550953346432,0.0,0.0,0.0,0.0,0.0,9.769833738820079,36.019379543370725,34.229428457572155,0.0,0.0,0.0,0.0,0.0,0.6892441149523161,14.407211743580174,116.75953769946736,0.0,0.0,0.0,0.0,0.0
1590962400-1591221599:319.24418426909597,115.42988739528185,58.40396009483036,0.0,0.0,0.0,0.0,0.0,171.32812511283552,311.0714024942108,55.31937037741722,0.0,0.0,0.0,0.0,0.0,28.095529134914578,127.34815715569476,187.43534884188878,0.0,0.0,0.0,0.0,0.0,93.73146533874112,172.64334528649115,104.04567446349094,0.0,0.0,0.0,0.0,0.0,58.68025551970593,118.96009087499039,145.11237229903168,0.0,0.0,0.0,0.0,0.0,29.008424537014093,70.21699547654791,27.927439030769655,0.0,0.0,0.0,0.0,0.0,7.127044606095534,31.78219488866604,22.819632641076108,0.0,0.0,0.0,0.0,0.0,0.6892441149523161,12.240693116288073,13.51335329067555,0.0,0.0,0.0,0.0,0.0
1591048800-1591307999:382.77221390686253,118.47741256468069,53.44056385652386,0.0,0.0,0.0,0.0,0.0,196.6584997271344,370.1064630143761,57.588915030646895,0.0,0.0,0.0,0.0,0.0,24.941708718995983,92.98125061974324,185.43242447227723,0.0,0.0,0.0,0.0,0.0,85.40240740594234,103.66536284995165,106.10880196600884,0.0,0.0,0.0,0.0,0.0,61.81518460651288,87.81246314493526,147.10870278684408,0.0,0.0,0.0,0.0,0.0,25.935027461681706,48.08694314769926,23.68580784777177,0.0,0.0,0.0,0.0,0.0,6.437800491143218,23.8566414630788,19.01208182437705,0.0,0.0,0.0,0.0,0.0,0.0,11.113129056775406,13.513353290675548,0.0,0.0,0.0,0.0,0.0
1591135200-1591394399:407.175671807606,118.57702827198445,6.33986940442354,0.0,0.0,0.0,0.0,0.0,214.69988384748538,430.92803439407226,29.908512832912308,0.0,0.0,0.0,0.0,0.0,16.53418754022858,41.09142056698676,135.2814931744973,0.0,0.0,0.0,0.0,0.0,73.86464045483237,75.91841105185792,77.97583439760893,0.0,0.0,0.0,0.0,0.0,52.599865117853874,60.68899221742511,54.33526575598827,0.0,0.0,0.0,0.0,0.0,19.686397356857125,22.594155628807037,15.230549235840908,0.0,0.0,0.0,0.0,0.0,0.4594960766348774,10.994319615029433,3.3637902283826637,0.0,0.0,0.0,0.0,0.0,0.0,2.0314038593876407,0.9889382729914438,0.0,0.0,0.0,0.0,0.0
1591221600-1591480799:257.23611742574724,66.21468297315998,2.3867029449334756,0.0,0.0,0.0,0.0,0.0,151.94749182292787,329.7342235970862,29.351371663361544,0.0,0.0,0.0,0.0,0.0,17.131686408497544,29.89050471279731,96.95896213212966,0.0,0.0,0.0,0.0,0.0,55.37141210589632,72.29566160183298,53.9664081445203,0.0,0.0,0.0,0.0,0.0,39.68016200731298,41.451591595722135,35.554320097317145,0.0,0.0,0.0,0.0,0.0,11.184115106911783,11.623796512788168,27.684526616766956,0.0,0.0,0.0,0.0,0.0,0.4594960766348774,9.866797364935735,4.659976944425077,0.0,0.0,0.0,0.0,0.0,0.0,1.050900872404748,0.9963181904740837,0.0,0.0,0.0,0.0,0.0
1591308000-1591567199:155.67762526103263,56.506526653840545,3.4280600259290357,0.0,0.0,0.0,0.0,0.0,121.64983823651298,249.54094602598656,30.67454628378725,0.0,0.0,0.0,0.0,0.0,18.928290130047582,41.675354704232255,101.16989710466727,0.0,0.0,0.0,0.0,0.0,51.52448620504768,87.8513012358751,54.32664246564907,0.0,0.0,0.0,0.0,0.0,31.358898416752652,42.73809084116493,33.493304733022406,0.0,0.0,0.0,0.0,0.0,12.161826993059412,14.504381971108863,27.85928532027643,0.0,0.0,0.0,0.0,0.0,1.5700041218209273,12.091101896895065,5.3756575163557265,0.0,0.0,0.0,0.0,0.0,0.0,1.5059534231852667,0.9963181904740837,0.0,0.0,0.0,0.0,0.0
1591394400-1591653599:78.63848485959782,14.799246928775263,2.9093264981423212,0.0,0.0,0.0,0.0,0.0,56.47335358968564,169.13603862575442,23.43394357039053,0.0,0.0,0.0,0.0,0.0,20.21503409325685,35.02178795906266,47.37439944492697,0.0,0.0,0.0,0.0,0.0,34.15956920667013,70.15251735924704,12.670517003129945,0.0,0.0,0.0,0.0,0.0,16.813643047819145,43.6070192404536,15.90667230813437,0.0,0.0,0.0,0.0,0.0,11.2659107241562,25.181470990534535,3.7590852019168013,0.0,0.0,0.0,0.0,0.0,5.437488626816241,15.193580039891058,3.126997857243042,0.0,0.0,0.0,0.0,0.0,3.867484504995314,5.281533212377397,0.0,0.0,0.0,0.0,0.0,0.0
1591480800-1591739999:71.21485719372282,33.97785471446037,2.4282400985821138,0.0,0.0,0.0,0.0,0.0,71.52268298883307,186.9904267641564,22.352538757366894,0.0,0.0,0.0,0.0,0.0,23.02112456248247,67.90680815855063,68.07415181998735,0.0,0.0,0.0,0.0,0.0,37.454976108791115,76.22996812519477,19.004462283108683,0.0,0.0,0.0,0.0,0.0,20.013292003981988,55.75190947137711,22.708668990255077,0.0,0.0,0.0,0.0,0.0,14.319051661063963,22.312788175830697,4.033443908484435,0.0,0.0,0.0,0.0,0.0,6.088500595367414,20.802609526173686,4.085649529757245,0.0,0.0,0.0,0.0,0.0,3.867484504995314,9.005186942261222,0.9963181904740837,0.0,0.0,0.0,0.0,0.0
1591567200-1591826399:81.02242851593466,36.949073389655986,4.896627077357781,0.0,0.0,0.0,0.0,0.0,84.09585724558879,232.04784079779802,19.44051447544369,0.0,0.0,0.0,0.0,0.0,21.86349373167122,57.83386035620239,91.77874777060109,0.0,0.0,0.0,0.0,0.0,38.7355469066822,66.73814375112919,29.908911532231798,0.0,0.0,0.0,0.0,0.0,24.851282754516802,55.505741477962786,18.97993908881727,0.0,0.0,0.0,0.0,0.0,13.20354158067871,19.041223225988652,4.892073095787518,0.0,0.0,0.0,0.0,0.0,6.088500595367414,19.41093694410947,3.953619669882407,0.0,0.0,0.0,0.0,0.0,4.422738527588339,9.092542741642683,0.9963181904740837,0.0,0.0,0.0,0.0,0.0
1591653600-1591912799:130.32331993244284,78.55129579757855,4.460801464021442,0.0,0.0,0.0,0.0,0.0,76.98026057661383,283.97296259770343,26.4383696237766,0.0,0.0,0.0,0.0,0.0,9.254315516006976,64.17920386332072,120.43738976086124,0.0,0.0,0.0,0.0,0.0,27.558369041216807,77.91326222255431,32.896932502118666,0.0,0.0,0.0,0.0,0.0,37.439240840249596,54.51855667640655,19.633594396633445,0.0,0.0,0.0,0.0,0.0,6.454765901266829,10.840744790651991,4.3455576936659295,0.0,0.0,0.0,0.0,0.0,3.044250297683707,17.26465391818934,2.4972451486149034,0.0,0.0,0.0,0.0,0.0,0.0,4.906573098869404,0.9963181904740837,0.0,0.0,0.0,0.0,0.0
1591740000-1591999199:120.68825583051716,65.17906385053061,5.570513206925796,0.0,0.0,0.0,0.0,0.0,52.94817363759148,313.29881264323325,21.90912153416016,0.0,0.0,0.0,0.0,0.0,10.345529908037168,44.01192097497078,114.29737746578044,0.0,0.0,0.0,0.0,0.0,25.07778455626677,79.59649076995852,31.06940691680606,0.0,0.0,0.0,0.0,0.0,33.24668063397143,43.92179812904668,10.247869636540296,0.0,0.0,0.0,0.0,0.0,10.01650743974924,13.289255871606652,3.74017381111053,0.0,0.0,0.0,0.0,0.0,4.422738527588339,12.550729798459322,0.9736877973621492,0.0,0.0,0.0,0.0,0.0,1.6657620677790748,1.8091720234635251,0.0,0.0,0.0,0.0,0.0,0.0
1591826400-1592085599:140.4026088106341,74.48222994711385,2.45689167170214,0.0,0.0,0.0,0.0,0.0,47.60556132986786,369.6793812423548,23.986733148352915,0.0,0.0,0.0,0.0,0.0,15.976073438928061,50.46183830787396,106.20934406489238,0.0,0.0,0.0,0.0,0.0,31.318569778450094,77.63081721189997,9.946736269976425,0.0,0.0,0.0,0.0,0.0,32.691426611378404,46.25852807062452,12.814420470759718,0.0,0.0,0.0,0.0,0.0,15.300849351634104,10.060599678183937,1.558587677014971,0.0,0.0,0.0,0.0,0.0,5.245972734899946,13.464447238887496,1.132197364737185,0.0,0.0,0.0,0.0,0.0,1.1105080451860498,5.412880335258271,0.0,0.0,0.0,0.0,0.0,0.0
1591912800-1592171999:144.0034338208703,45.97731991473772,4.613821705007602,0.0,0.0,0.0,0.0,0.0,38.25178581340557,300.2712994739225,31.955221879455774,0.0,0.0,0.0,0.0,0.0,15.286829323975745,62.25985557882061,96.79310756727754,0.0,0.0,0.0,0.0,0.0,33.92043544849072,78.88301488726658,8.901012890982628,0.0,0.0,0.0,0.0,0.0,28.91468478350995,65.70348830329121,15.063296391107512,0.0,0.0,0.0,0.0,0.0,16.847298740005087,19.05597272807447,1.3764123176873175,0.0,0.0,0.0,0.0,0.0,5.413933893366294,12.346201411519013,0.879427858377344,0.0,0.0,0.0,0.0,0.0,1.1105080451860498,5.969235595451916,0.0,0.0,0.0,0.0,0.0,0.0
1591999200-1592258399:71.02395893616297,41.5577420372598,4.181313333049803,0.0,0.0,0.0,0.0,0.0,36.762417465557235,244.0056467029298,35.73445379160387,0.0,0.0,0.0,0.0,0.0,19.309870564970318,100.39643763548166,81.00249470922175,0.0,0.0,0.0,0.0,0.0,50.16187264295297,121.1613782322031,15.53456055447353,0.0,0.0,0.0,0.0,0.0,25.361306712921273,94.90567999710913,18.319526939526416,0.0,0.0,0.0,0.0,0.0,18.53462745142413,44.06937987804985,1.4841022275321478,0.0,0.0,0.0,0.0,0.0,5.371098740392566,22.367415882435306,3.6227709452200014,0.0,0.0,0.0,0.0,0.0,0.0,8.11758305344039,0.2752889516205789,0.0,0.0,0.0,0.0,0.0
1592085600-1592344799:20.985725833786894,29.253108953224654,3.1179584479152656,0.0,0.0,0.0,0.0,0.0,29.152904324213008,274.4489321318434,34.96212690993093,0.0,0.0,0.0,0.0,0.0,10.20941469528412,88.31818752200856,85.35198299229197,0.0,0.0,0.0,0.0,0.0,36.91073606223061,109.69975148055462,16.020550306746888,0.0,0.0,0.0,0.0,0.0,12.812238063491552,81.71118500670288,12.86638907123993,0.0,0.0,0.0,0.0,0.0,12.292648977609666,33.93774948515598,1.3105427140328878,0.0,0.0,0.0,0.0,0.0,3.9926105104879337,17.364238852795612,3.848027096096547,0.0,0.0,0.0,0.0,0.0,0.0,3.929494184420179,0.18352596774705263,0.0,0.0,0.0,0.0,0.0
1592172000-1592431199:45.41658045920226,26.900647127480457,2.0168026414329496,0.0,0.0,0.0,0.0,0.0,37.62190950791997,338.67793523581713,74.08960308326436,0.0,0.0,0.0,0.0,0.0,11.559060986650188,61.87295934253488,101.52851617402224,0.0,0.0,0.0,0.0,0.0,40.03664298659899,99.51316704468971,28.634813111784666,0.0,0.0,0.0,0.0,0.0,12.812238063491552,66.2400049657922,14.411794699735964,0.0,0.0,0.0,0.0,0.0,9.122136179191283,29.347574822620043,2.927330551753617,0.0,0.0,0.0,0.0,0.0,6.117938990882089,17.924305409023166,6.183422120004287,0.0,0.0,0.0,0.0,0.0,0.0,1.2533365291685308,0.2752889516205789,0.0,0.0,0.0,0.0,0.0
1592258400-1592517599:92.86602337732553,27.065135817901474,1.7433024533453563,0.0,0.0,0.0,0.0,0.0,58.13709941272457,409.1792909169435,67.69570237347966,0.0,0.0,0.0,0.0,0.0,6.407867779986458,42.79241223742248,141.45853214030902,0.0,0.0,0.0,0.0,0.0,15.786102134533103,65.85165222893133,36.4485084061601,0.0,0.0,0.0,0.0,0.0,19.085782112619817,45.78093267972726,15.43116620144139,0.0,0.0,0.0,0.0,0.0,5.029379550081826,17.72744117831606,3.7830402507634444,0.0,0.0,0.0,0.0,0.0,6.139505634522056,19.120802864114637,2.3288049455590976,0.0,0.0,0.0,0.0,0.0,0.0,0.17016606152666072,0.0,0.0,0.0,0.0,0.0,0.0
1592344800-1592603999:244.38215075760985,22.376520340780004,0.8716512266726781,0.0,0.0,0.0,0.0,0.0,61.528335278473634,483.0327681182972,60.473464669019656,0.0,0.0,0.0,0.0,0.0,6.115330590559698,44.362719306710694,136.65018265144136,0.0,0.0,0.0,0.0,0.0,20.224205569006262,73.15826098575613,29.16891650895492,0.0,0.0,0.0,0.0,0.0,28.23514758484529,59.36422720510732,14.88338048902275,0.0,0.0,0.0,0.0,0.0,7.212632858659605,19.815270532510933,4.7066946653565385,0.0,0.0,0.0,0.0,0.0,6.139505634522056,20.588605399966696,3.054960955633065,0.0,0.0,0.0,0.0,0.0,0.0,0.17016606152666072,0.0,0.0,0.0,0.0,0.0,0.0
1592431200-1592690399:235.0366215653262,26.440253028781836,1.4222291299138359,0.0,0.0,0.0,0.0,0.0,60.84121999180712,557.5708458971309,17.54255584011459,0.0,0.0,0.0,0.0,0.0,5.133549286180623,52.25223417727518,180.74112376980256,0.0,0.0,0.0,0.0,0.0,19.263052523064324,106.4839060268998,17.561058628104306,0.0,0.0,0.0,0.0,0.0,30.629649501589167,65.24675207598996,15.562474713675373,0.0,0.0,0.0,0.0,0.0,8.332816281597648,20.31544146226509,2.417666577777747,0.0,0.0,0.0,0.0,0.0,3.468199480660248,16.251500252242906,6.007697557736684,0.0,0.0,0.0,0.0,0.0,0.0,0.22752627539025944,0.0,0.0,0.0,0.0,0.0,0.0
1592517600-1592776799:182.56940918907154,22.354900591912845,3.0183033819255023,0.0,0.0,0.0,0.0,0.0,17.28527123366963,607.3400936007083,20.733248889024892,0.0,0.0,0.0,0.0,0.0,1.3784882299046322,63.49781697346822,163.53671168480233,0.0,0.0,0.0,0.0,0.0,17.28099048415483,131.39005501970885,10.616180105288976,0.0,0.0,0.0,0.0,0.0,16.562720235946543,119.56047743033865,23.047206100933955,0.0,0.0,0.0,0.0,0.0,8.149554102301877,20.078124847185688,3.658444112076086,0.0,0.0,0.0,0.0,0.0,5.1123949047993555,18.329181944912705,5.77744749663758,0.0,0.0,0.0,0.0,0.0,0.0,2.9679722251551244,0.0,0.0,0.0,0.0,0.0,0.0
1592604000-1592863199:9.849136290282424,9.155821000348224,3.0183033819255023,0.0,0.0,0.0,0.0,0.0,8.653910239673557,326.375889014441,21.556395182833363,0.0,0.0,0.0,0.0,0.0,7.660777707672448,54.127987015300036,152.4053584973116,0.0,0.0,0.0,0.0,0.0,11.522585726855093,99.37743462790954,16.90556466262618,0.0,0.0,0.0,0.0,0.0,8.039809727564062,84.86335850960651,29.63021663127144,0.0,0.0,0.0,0.0,0.0,15.28590049575161,15.901097201204433,3.157189496178366,0.0,0.0,0.0,0.0,0.0,7.664180330999359,19.65495275398733,8.84220396500811,0.0,0.0,0.0,0.0,0.0,0.0,3.2162258181631893,1.7433024533453563,0.0,0.0,0.0,0.0,0.0
1592690400-1592949599:41.65970001315361,13.581696185501064,3.367331055389334,0.0,0.0,0.0,0.0,0.0,21.759763253628726,289.35657820459096,16.115815839907153,0.0,0.0,0.0,0.0,0.0,9.532994396672127,65.9904907816977,69.77809274737187,0.0,0.0,0.0,0.0,0.0,22.075313953050745,74.29246424995486,19.888150394943814,0.0,0.0,0.0,0.0,0.0,10.06403265914574,105.44353421566656,24.841410175827093,0.0,0.0,0.0,0.0,0.0,14.149390362349715,32.780921174832386,4.304129674471623,0.0,0.0,0.0,0.0,0.0,7.403827197893488,22.498120052979463,5.928822180288981,0.0,0.0,0.0,0.0,0.0,0.0,4.118225444999478,1.7433024533453563,0.0,0.0,0.0,0.0,0.0
1592776800-1593035999:48.41226645539952,16.863731931971333,1.3354311900413292,0.0,0.0,0.0,0.0,0.0,15.559493375760422,320.54275655261944,33.51787780984842,0.0,0.0,0.0,0.0,0.0,10.228889844336308,55.67656659237947,89.10006633898362,0.0,0.0,0.0,0.0,0.0,23.830058240527897,62.715297939374835,26.187874301961642,0.0,0.0,0.0,0.0,0.0,6.983186278941469,62.79224959172625,17.48269425012153,0.0,0.0,0.0,0.0,0.0,13.362148994927061,36.150367118176035,5.251976078543385,0.0,0.0,0.0,0.0,0.0,3.181867677714735,23.376760322984982,5.27750634081882,0.0,0.0,0.0,0.0,0.0,0.0,2.4837087484089837,1.7433024533453563,0.0,0.0,0.0,0.0,0.0
1592863200-1593122399:77.96550378703576,24.82635137752719,1.255805000310528,0.0,0.0,0.0,0.0,0.0,23.141175257776865,376.970570886256,32.282861363201306,0.0,0.0,0.0,0.0,0.0,8.785818321921653,71.13723492040003,81.39148074258308,0.0,0.0,0.0,0.0,0.0,24.619824272715853,69.39878233810637,21.696785625583953,0.0,0.0,0.0,0.0,0.0,10.196410106000656,61.6950074249316,12.398044693356892,0.0,0.0,0.0,0.0,0.0,9.552529000934484,35.15293157452797,5.084855088828288,0.0,0.0,0.0,0.0,0.0,3.7674654787430795,18.629637905663362,1.3917062153732083,0.0,0.0,0.0,0.0,0.0,0.0,2.4357001217271668,0.0,0.0,0.0,0.0,0.0,0.0
1592949600-1593208799:85.01471064008774,26.525060392868184,0.8716512266726781,0.0,0.0,0.0,0.0,0.0,11.171363012616771,323.53549561091603,38.88993218848698,0.0,0.0,0.0,0.0,0.0,9.67118133536285,68.80730909482318,85.42152139784211,0.0,0.0,0.0,0.0,0.0,13.846554021347929,52.985728049440404,14.078407715380294,0.0,0.0,0.0,0.0,0.0,10.838420957101382,40.49624460009201,12.062594653647777,0.0,0.0,0.0,0.0,0.0,13.109858513217223,24.14046247285574,4.500697873510796,0.0,0.0,0.0,0.0,0.0,4.547864533080959,20.626844305548882,0.5505779032411579,0.0,0.0,0.0,0.0,0.0,0.0,2.9935612958231026,0.0,0.0,0.0,0.0,0.0,0.0
1593036000-1593295199:97.4474055593831,23.7671027959716,0.8716512266726781,0.0,0.0,0.0,0.0,0.0,15.41378288522514,232.17654203898363,21.722072278400336,0.0,0.0,0.0,0.0,0.0,16.33422960647915,55.649377681637766,77.73222968204847,0.0,0.0,0.0,0.0,0.0,19.00553576034096,38.80021383930905,8.844613885124327,0.0,0.0,0.0,0.0,0.0,17.501469228217683,27.15026327858464,9.016940697992803,0.0,0.0,0.0,0.0,0.0,9.221759665106582,12.523162428689675,1.6376592530335774,0.0,0.0,0.0,0.0,0.0,6.213626600860033,12.792172589367828,0.0,0.0,0.0,0.0,0.0,0.0,0.0,1.4172099872159811,0.0,0.0,0.0,0.0,0.0,0.0
1593122400-1593381599:44.25590821488745,0.0,0.0,0.0,0.0,0.0,0.0,0.0,1.5040665321232742,106.06336851286936,2.349789056651138,0.0,0.0,0.0,0.0,0.0,1.5040665321232742,19.034719308185174,44.20362282438245,0.0,0.0,0.0,0.0,0.0,4.175372685985083,11.827808999779247,1.6376592530335774,0.0,0.0,0.0,0.0,0.0,4.175372685985083,9.043160701575305,1.5778605275468216,0.0,0.0,0.0,0.0,0.0,2.6713061538618086,3.379579613838821,0.5505779032411579,0.0,0.0,0.0,0.0,0.0,2.6713061538618086,2.4563004893838776,0.0,0.0,0.0,0.0,0.0,0.0,0.0,0.45505255078051887,0.0,0.0,0.0,0.0,0.0,0.0
