1585432800-1585691999:0.0,0.0,20.93894143812785,33.10869764914272,12.520898648761364,1.3411986811478522,0.0,1049.4961036726147,0.0,0.0,41.71308555229092,41.08510469847174,78.38595718246876,4.65687637209547,0.0,1049.4961036726147,0.0,0.0,553.1177945091251,302.75978519522664,454.73183483547564,45.489967888682514,0.0,1618.4981686814353,0.0,0.0,386.9632898498147,415.5256528757599,746.0021356327593,196.5779539397263,8.290556209238751,1618.4981686814353,0.0,0.0,368.86858551707496,391.3849090959606,653.110652926743,132.38928871716877,26.56523158649026,1707.0061950264621,0.0,0.0,268.91761570721894,121.30242357560803,362.81680144712095,58.674556232594405,79.11156779556688,1618.4981686814353,0.0,0.0,63.84075662231334,52.69056292782893,152.35128055212866,2.286491643214613,2.488074878251052,1049.4961036726147,0.0,0.0,14.688097902600825,49.95619294112092,106.0323910341107,46.184131607403764,1.0426908144960467,0.0
1585519200-1585778399:0.0,0.0,37.617467027137764,46.66929868593281,19.299521389775222,7.530260466884292,0.6508721442779598,1049.4961036726147,0.0,0.0,80.59965842341305,67.64278331184202,108.74361483450978,9.565299392640078,3.677934789173693,1049.4961036726147,0.0,0.0,1181.5013004638397,452.4028287071304,717.9453518255465,150.55748653257857,9.343174072101219,1618.4981686814353,0.0,0.0,741.4962450491514,721.8697649078579,1284.0015957304595,398.9502123981525,54.57157085888895,2187.500233690256,0.0,0.0,774.157431682333,712.8628074115743,1246.0757697591846,297.8022365381619,53.469561776386385,1138.0041300176415,0.0,0.0,432.8704651742123,210.67179387653698,625.4835584716709,218.24843248547165,104.62636854550007,1618.4981686814353,0.0,0.0,103.66580961490924,62.51064530016464,210.56137064178088,48.49810117006987,20.88548985143055,1049.4961036726147,0.0,0.0,28.182561887814035,54.29476476001634,131.00128960168541,59.43218695827195,1.0426908144960467,0.0
1585605600-1585864799:0.0,0.0,70.32571527583816,201.14474179644182,72.0176819155819,49.97009612789328,2.2291720789834786,1049.4961036726147,0.0,0.0,126.0910897333034,312.9352688128238,251.09380529071703,41.95697364582451,7.638845412177223,1049.4961036726147,0.0,0.0,1732.4809973125534,1814.6805592143742,1496.7609978038663,349.7379719261838,22.14860470899587,1618.4981686814353,0.0,0.0,1249.4599885617963,2581.1932187695334,2985.842036266687,913.6110635440375,76.08474596290361,1707.0061950264621,0.0,0.0,1296.5787751070004,2865.8895339397473,3043.1555277843454,993.2961138874658,334.59955795028316,2187.500233690256,0.0,0.0,561.7483838200912,1000.602832204821,1443.7225339696492,473.96426522940084,129.6664267377946,2187.500233690256,0.0,0.0,156.0946162380259,462.17921110068255,709.343731494245,75.15927348120172,51.89087867077991,1113.9107246308902,0.0,0.0,54.7038318407977,299.4946250166887,368.48158992366103,115.96836730194174,4.6003896519606755,0.0
1585692000-1585951199:0.0,0.0,52.88735932419049,220.5541103708763,84.77485409918957,61.494624863562926,2.2291720789834786,0.0,0.0,0.0,98.51946729391015,341.3625994967946,200.46000437410268,45.10115576652314,7.638845412177223,0.0,0.0,0.0,1383.3153494659582,1891.5526003205587,1319.2242472134628,463.1701309654342,22.14860470899587,0.0,0.0,0.0,1074.7369221440765,3135.7491240219165,2902.506287043085,1173.785604479704,160.8277142031122,569.0020650088208,0.0,0.0,1041.5943299369962,3011.626164711688,2882.69305441051,1031.009764938126,332.44107317455394,121.56300671265345,0.0,0.0,321.86455642481394,1440.2342453296603,1399.0509090628923,608.6335841842541,408.40396753906725,569.0020650088208,0.0,0.0,129.08540297426677,635.7705647002346,612.6240636899918,250.4139493631709,184.44656201874886,209.72991637154786,0.0,0.0,54.874434117516536,315.6151565462468,274.16684122867775,90.25449582639727,3.5576988374646286,0.0
1585778400-1586037599:0.0,0.0,37.29673235261604,213.3095314937713,81.07259467999192,56.564007322918926,1.5782999347055187,0.0,0.0,0.0,65.22165542779115,327.6179253448927,184.93693290840267,42.784087198644436,43.51388566528433,0.0,0.0,0.0,802.9570729232411,1857.1708613247129,1141.4463174188625,435.25001634209275,52.35840567917545,0.0,0.0,0.0,986.3505418661703,3126.3014323818265,2662.868471330786,1369.3633165614601,156.64895460802552,3759.3507007476273,0.0,0.0,925.6440915360464,2902.546171451572,2579.835080586524,1246.4660461298295,327.0986696341231,4335.619000960345,0.0,0.0,656.577095228869,1418.3053751894438,1258.0525370245775,526.3770835559093,390.32271851398167,569.0020650088208,0.0,0.0,582.9550195414961,672.7944907339162,630.1360093654828,212.4061351884182,188.83790941217177,209.72991637154786,0.0,0.0,539.1429396682269,337.3465883483406,321.3072841880949,79.30090380288824,3.5576988374646286,0.0
1585864800-1586123999:0.0,0.0,6.026776935652926,63.79121650258761,42.708528357683655,15.115005536930624,0.0,524.7853168322114,0.0,0.0,21.464762523372347,96.70149091121813,68.99983733207966,21.072811002290734,39.5529750422808,0.0,0.0,0.0,299.06151595441264,621.6419517724439,574.3719660734489,251.17033492058462,48.89614911438202,0.0,0.0,0.0,473.3629648374488,1172.4866638158699,1131.7637231197518,679.7503305304706,79.2774255337708,4504.7496600299755,0.0,0.0,450.5078570156808,1205.854720826157,1146.5432838195793,790.8219955515768,119.5111585433949,3702.2023149932493,0.0,0.0,539.4357202066566,742.290586799453,879.619888844982,284.82161734123275,370.87900931256166,0.0,0.0,0.0,533.0833129373448,295.0276715338195,305.17659594065725,188.7233668121404,5167.278572810156,290.63059082654456,0.0,0.0,514.7048452877965,96.8229902978051,143.7443580437072,25.47650285444752,0.0,0.0
1585951200-1586210399:0.0,0.0,5.452716015466075,44.74703477983289,21.665022130673385,3.678215095465859,0.0,524.7853168322114,0.0,0.0,23.541005919717065,86.10933717445263,61.859141863011715,19.8476917290302,39.5529750422808,0.0,0.0,0.0,210.94680670220953,402.27113572732895,438.9262478972013,96.51504609895566,53.363233870908466,0.0,0.0,0.0,347.89899955443383,726.0447916585508,882.124095127807,572.0946579225979,28.268806156657778,5709.502493981735,0.0,0.0,403.46603504817966,695.3667244614797,865.8610579933207,337.17409517439,55.897782137191314,2375.886474328836,0.0,0.0,549.8597624547349,247.06020945947657,553.4405126749623,154.90022984872806,11.164451052097341,0.0,0.0,0.0,512.1737694706574,122.03885650418803,240.76886769097342,221.0122464767255,5036.935222515149,0.0,0.0,0.0,506.98939192253346,77.77768423600973,143.2208789444236,58.39709577650898,0.0,0.0
1586037600-1586296799:0.0,0.0,7.590676068433701,42.787465834208206,24.894831047974293,1.5489191153434743,0.0,524.7853168322114,0.0,0.0,36.096823695619264,108.18679334071732,73.39460692627074,16.850140941289947,0.0,0.0,0.0,0.0,447.2407259286354,510.1865242447638,469.16787517904265,34.9675095388897,13.81025882862767,0.0,0.0,0.0,277.5908104247862,758.7973948029327,982.4175310085925,140.8961268863853,20.232038119912158,680.9843383240732,0.0,0.0,263.2639358447355,728.8002375460926,1043.2083993443334,175.06688158389554,14.809283894319767,0.0,0.0,0.0,115.39768210311288,357.13969906831153,503.30458270797624,125.92318501461897,21.974254115452126,0.0,0.0,0.0,33.9516037607633,82.3094846044474,206.445968316049,214.86279796417438,5040.509022936982,0.0,0.0,0.0,14.385139630999275,59.124551276036456,104.236079155719,99.72520797071886,1.0426908144960467,0.0
1586124000-1586383199:0.0,0.0,9.251598102296805,46.583664755861804,15.000499138157227,10.832720006954695,0.0,0.0,0.0,0.0,43.838964295191815,102.19382570506654,67.94457622476669,3.1712912451241193,0.0,0.0,0.0,0.0,455.75324727031966,435.61087121652076,481.1462718749624,18.81969803723927,8.145019545700144,0.0,0.0,0.0,303.2733260912598,788.8062571020237,890.1793263535601,202.0427312783207,9.011781699185303,0.0,0.0,0.0,284.4257688316396,781.4056421114755,911.3441471348674,149.11925299345998,14.615160252848739,0.0,0.0,0.0,104.40848530619,272.6524709538691,217.25409753051514,135.7436758165438,12.670143068859147,0.0,0.0,0.0,31.391684999286273,70.06041603450505,117.12309474692098,212.62967374570258,11.286483198506911,0.0,0.0,0.0,12.937891494925768,68.64673538714413,55.87935545542533,105.30173575984938,1.0426908144960467,0.0
1586210400-1586469599:0.0,0.0,13.477652109734453,18.707853702165934,17.207102236717134,10.19159539459477,49.52915397851933,0.0,0.0,0.0,41.80163245500397,51.15324672024441,61.5027020294055,18.88248218566277,2228.8119290333716,0.0,0.0,0.0,458.28143336948045,337.1821259525662,372.79063589846436,21.92678893975443,2236.167798611719,0.0,0.0,0.0,306.0647024121366,573.822625381828,692.0048066236454,168.4786317095659,20.313789245064314,0.0,0.0,0.0,291.5780588052243,513.6541497473427,726.3208932267629,146.43263749639152,6.218974205500752,0.0,0.0,0.0,82.67651351860944,215.19697531580425,296.23844144780475,111.89482826076272,2245.1600068914045,0.0,0.0,0.0,19.712917543291343,26.9663265791205,113.19313567222896,13.258963979101638,2234.7761877461244,0.0,0.0,0.0,6.52190996741354,25.065103017913295,51.056393177697686,62.11709641470595,1.0426908144960467,0.0
1586296800-1586555999:0.0,0.0,7.276962478908768,15.416437212663308,14.16050571405721,175.29280896369838,49.52915397851933,0.0,0.0,0.0,15.66351758538542,18.16561907231473,42.301916002805626,17.708631157674,2228.8119290333716,0.0,0.0,0.0,165.18561731046762,126.95449148345043,313.9910426912685,15.347042815057033,2237.4114317208023,0.0,0.0,0.0,118.51616200439187,357.27424305920533,423.2129241548174,77.77533260427806,5.9764398450784855,0.0,0.0,0.0,107.27254017793214,371.3604326668599,563.5157751478002,58.07777059427351,4.78996386347444,0.0,0.0,0.0,22.958341997491743,64.21720322309085,287.4683334287057,87.14475568443217,2238.644808530368,0.0,0.0,0.0,4.162324740655273,19.367952407599468,80.1667397520057,17.29539680875064,2230.576907549703,0.0,0.0,0.0,1.6942582203863181,20.477345772298953,20.22456777559988,18.76379017480105,1.0426908144960467,0.0
1586383200-1586642399:0.0,0.0,4.893059159640256,6.532693424118443,11.099310680977062,165.81080676195205,49.52915397851933,0.0,0.0,0.0,6.9099874141418045,8.250859262560557,18.22430863120124,18.330099637124246,2228.8119290333716,0.0,0.0,0.0,107.53642133223727,80.34114705547151,89.41023762677318,8.080664113358264,2233.7334969316285,0.0,0.0,0.0,67.43235123749362,145.57010788644772,205.11491238054825,60.77457911111088,3.9842932300523235,0.0,0.0,0.0,62.70967044098749,142.02526264826975,343.9790607176968,45.65431311373334,0.0,0.0,0.0,0.0,20.44568203681698,35.052483750620326,147.46840577482473,28.874635206112412,2232.4898638225454,0.0,0.0,0.0,3.059745766579914,9.606538935262634,17.92310599363479,14.476559700405252,2230.576907549703,0.0,0.0,0.0,1.3731773969146117,7.6521720614684945,3.3610290084509193,9.929038675475104,1.0426908144960467,0.0
1586469600-1586728799:0.0,0.0,7.021974186702478,7.288606973962065,5.975280995722802,165.99800188929564,0.0,0.0,0.0,0.0,24.197159592345574,70.07966842981148,6.241908725616444,6.285655418201269,0.0,0.0,0.0,0.0,207.33339442187614,60.1756527190713,67.5073079673075,7.858890483209448,1.8654496636248499,0.0,0.0,0.0,175.02767828140674,167.90654220209038,170.026877002136,69.15993522180086,0.0,0.0,0.0,0.0,158.49475119993684,275.56343564116,262.3692024593686,73.09005335687685,0.0,0.0,0.0,0.0,68.26333247969477,35.50473122679137,62.0315147847695,11.707932220475787,0.7336284640857604,0.0,0.0,0.0,78.2710826510112,17.338034231291505,21.15472906784158,3.1967186382307626,3.0839928130900396,0.0,0.0,0.0,43.40944675349655,18.981890950521475,2.446191565586376,2.0713816478974634,1.0426908144960467,0.0
1586556000-1586815199:0.0,0.0,9.126389911346841,8.478132221123216,14.542808288042574,7.738053507754998,0.0,0.0,0.0,0.0,25.792108966492908,71.02106358582324,12.870856717972138,9.843073182928523,0.0,0.0,0.0,0.0,215.80339510552892,56.08891203484471,33.80307943609279,7.781987023206657,0.0,0.0,0.0,0.0,171.4914911815397,77.74895117763447,95.43448046550562,74.18373884972533,1.655019239362785,0.0,0.0,0.0,152.4299364611868,164.96594729471403,83.2617946161961,76.25150291466669,0.0,0.0,0.0,0.0,65.94375765682078,23.723692449724755,10.99951470136621,10.189020147419829,0.7336284640857604,0.0,0.0,0.0,82.99484744747143,17.30916427446549,10.744342514357571,1.4367259045502079,3.0839928130900396,0.0,0.0,0.0,47.77296784777061,16.228651590904974,13.102997764517218,1.3617884550490096,0.0,0.0
1586642400-1586901599:0.0,0.0,9.412345222365758,17.984570120356416,17.360863026904298,11.06021413124895,0.0,0.0,0.0,0.0,30.104046687920892,74.85503636354511,14.103515101495448,8.375560386098913,0.0,0.0,0.0,0.0,232.97067155966008,63.02828113412086,38.248330097439165,10.362929070637234,4.145572481646682,0.0,0.0,0.0,173.56411400439103,105.59418987674358,102.04309143381448,40.538120862979916,1.655019239362785,0.0,0.0,0.0,157.24962745069294,182.94049723082063,89.40353371538271,41.24557294631692,3.5576988374646286,0.0,0.0,0.0,69.76058955160046,30.66207814694002,14.402802330779997,21.262983808443444,0.7336284640857604,0.0,0.0,0.0,84.15549524723306,23.878745717533548,13.888473213087794,0.7565276526775204,3.0839928130900396,0.0,0.0,0.0,48.01725645323586,15.122810665668272,14.758403094002883,1.424186830830205,0.0,0.0
1586728800-1586987999:0.0,0.0,5.257757254942831,12.036908873141657,20.057365040386603,10.873019003905364,1.1752656300933797,0.0,0.0,0.0,11.164149633199338,13.006461165130972,17.89815565840363,4.615216100811443,1.1752656300933797,91.55115549686056,0.0,0.0,96.89867783773266,39.646933371972786,79.3164227237963,19.456432330869305,4.145572481646682,0.0,0.0,0.0,183.24743857000524,95.01489838374016,272.6171967624999,45.14665046551265,2.2786117896685694,91.55115549686056,0.0,0.0,61.93222775193644,67.72161541413864,556.3739573223964,60.611374921118745,8.999346789917713,0.0,0.0,0.0,27.327939680079098,19.342415089658,49.483071335724205,15.15838151235356,5.976864262102166,0.0,0.0,0.0,14.237039690534449,9.319606048543418,25.20117009758274,2.960226055564169,0.5876328150466898,0.0,0.0,0.0,6.955923345446598,0.6165593125354847,18.471776101556387,0.2893631182893636,0.0,0.0
1586815200-1587074399:0.0,0.0,3.1060209997948482,15.960067716853462,7.77028258602974,4.031753816342404,1.1752656300933797,0.0,0.0,0.0,11.767982203673597,14.38994416643452,10.367828376537208,1.2591605185287882,1.1752656300933797,91.55115549686056,0.0,0.0,128.014553271377,65.06413034337434,102.02327817032439,20.073908009745587,4.145572481646682,0.0,0.0,0.0,194.92113080158435,230.19462859634672,371.8675927185522,54.0950434330131,4.25925844318342,91.55115549686056,0.0,0.0,63.530798584105014,122.81086911510795,688.4096405150135,59.37293550588887,17.194773908502874,0.0,0.0,0.0,30.88552699817404,43.505473460362275,76.28660432295239,21.312297407840745,6.710492726187926,0.0,0.0,0.0,10.050842554507357,18.68456694811378,43.97336132500367,6.4046975992626205,3.7743437578039902,0.0,0.0,0.0,1.9992285886183834,7.975886702586824,14.759337722303705,6.558560159385198,0.0,0.0
1586901600-1587160799:0.0,0.0,2.0991571244221294,8.471505638676895,6.452949549704511,0.9077945029835517,1.1752656300933797,0.0,0.0,0.0,6.570783376651006,13.552672796348656,9.66145399121656,0.4150341459784439,1.1752656300933797,91.55115549686056,0.0,0.0,113.47945090978996,62.19746186527871,149.3696418621181,27.21315931384975,0.0,0.0,0.0,0.0,233.03761925529503,222.88338874660104,457.9162440977101,51.048118305292576,4.25925844318342,252.86266878425945,0.0,0.0,63.432232961881596,123.46175476932667,809.510014497507,64.524124552045,13.55047482614571,0.0,0.0,0.0,28.016885448593396,38.98097445899071,92.46642042808621,8.212912150034938,6.710492726187926,161.3115132873989,0.0,0.0,10.242421622351136,40.51636765122702,55.67933653554014,5.988891112128321,3.1525272032623732,0.0,0.0,0.0,2.2968757546352156,8.48884514746036,18.07809597283855,6.988192777486003,0.0,0.0
1586988000-1587247199:0.0,0.0,0.5981640820076346,8.067972574040803,1.5088168317974844,1.0949896303271378,0.0,0.0,0.0,0.0,3.2272470388868992,12.221591186377182,13.487136672572332,0.44623333386904157,0.0,0.0,0.0,0.0,74.53218972823781,58.712858452664314,105.24010410437954,25.887940788053953,0.0,0.0,0.0,0.0,60.67559188468729,226.1492036438544,302.9512368364114,86.47544849429168,34.79451764595984,161.3115132873989,0.0,0.0,23.430057923870585,111.92199372641618,352.0245423790235,59.333388181577845,8.19542711858516,0.0,0.0,0.0,7.245288679448913,40.658584074000224,59.24734697163022,10.475404265046514,3.0839928130900396,161.3115132873989,0.0,0.0,4.075968838894026,46.10251891450143,44.07512747736696,3.5582279667335035,2.990833337741737,0.0,0.0,0.0,1.9029739555181924,8.2206049494927,14.116886374605441,7.050591153267199,0.0,0.0
1587074400-1587333599:0.0,0.0,0.3597788954368707,3.8112156366220096,1.979625219426228,1.0013920666553446,0.0,0.0,0.0,0.0,0.580570395962639,13.709859558133408,11.053541910351598,0.8080490014934643,0.0,0.0,0.0,0.0,25.686949345549586,40.55528936047811,84.00508200041347,28.31284164939636,0.0,0.0,0.0,0.0,26.975820421331264,103.9314228488743,208.04773123188923,62.222591011663866,33.57597449649465,161.3115132873989,0.0,0.0,12.624917171164215,61.48270494190342,225.87013497006313,56.31341053449896,3.6744054679461846,0.0,0.0,0.0,1.8304474919360547,23.126192112051566,39.671429734129504,11.203103665280645,17.37215327711138,161.3115132873989,0.0,0.0,3.105270191807033,46.14121123678082,25.98152717298901,1.6542501118367414,0.5876328150466898,0.0,0.0,0.0,1.6986441287943324,0.9328604846240951,8.129095851287937,3.5622586005104706,0.0,0.0
1587160800-1587419999:0.0,0.0,0.6006735355353199,3.5275504834352946,3.8537410727388437,0.09359756367179303,0.0,0.0,0.0,0.0,0.580570395962639,12.699005454382537,13.779217815597608,2.7051011299460472,0.0,0.0,0.0,0.0,21.994452557122507,39.05321285885176,28.803921238618027,26.990034689270672,0.0,0.0,0.0,0.0,11.899338729652403,87.13589111199052,111.79495329230171,76.59724130980696,34.30960296058041,0.0,0.0,0.0,10.047475145543313,141.93412185674003,98.7471847161878,52.60765934748811,2.4496036452974566,0.0,0.0,0.0,2.243497563163736,18.375624062683613,23.591626012384193,10.549346289931016,17.0659528214492,0.0,0.0,0.0,1.6874961935820756,45.21669394790884,22.02798946802719,0.16607874407427914,0.5876328150466898,91.55115549686056,0.0,0.0,1.1676821031228872,15.892281198983328,5.823447809840766,3.7509333535478047,0.0,0.0
1587247200-1587506399:0.0,0.0,0.46311074260820073,3.5054802449741054,7.318022743279542,0.22696474250816825,0.0,0.0,0.0,0.0,0.05553137632962446,15.537641776790089,7.308692998254954,2.611503566274254,0.0,0.0,0.0,0.0,27.018322431490454,28.32767767189748,20.27190488773811,58.123417611068646,0.0,0.0,0.0,0.0,14.989922459607191,60.793869139016245,58.951311404009076,150.47398794177164,0.7336284640857604,0.0,0.0,0.0,15.20977068989456,139.75028366499242,108.455505488997,130.01715805906372,6.024769816950464,0.0,0.0,0.0,2.677442576108352,19.21257767288142,16.63762373217461,41.73356024806775,15.021788928107103,0.0,0.0,0.0,0.4698288732746941,46.55464429021311,16.70787723663607,8.721720489749865,0.0,91.55115549686056,0.0,0.0,0.21468857518262024,17.5974651291523,6.960245518995322,36.91900757132706,0.0,0.0
1587333600-1587592799:0.0,0.0,1.0078805248078797,9.145842926072108,10.548710139210094,19.922327207174188,0.0,0.0,0.0,0.0,1.2533276118328442,33.06818380694566,4.5815800335177945,30.130060627472204,0.0,0.0,0.0,0.0,43.95828940319291,413.1318908326263,46.22151502056504,954.4759603952238,0.0,0.0,0.0,0.0,134.53728209509126,505.2007154490917,195.59245904703025,1765.188396023983,4.2540973670733955,0.0,0.0,0.0,123.9365324658992,554.3265923654013,242.65433073231134,1738.6936256887295,2.350364349004279,0.0,0.0,0.0,79.53986040824866,360.2076423771802,29.76621015035643,300.31258207887123,0.0,0.0,0.0,0.0,1.0041469140098582,48.80843395874142,30.653388375831785,39.85352812717679,0.0,91.55115549686056,0.0,0.0,0.15915719885299578,20.360642348499592,19.164703832721788,56.10860387324138,0.0,0.0
1587420000-1587679199:0.0,0.0,7.262665072511227,79.13974179242354,19.110762859099,51.58084310448771,5.832229130751411,0.0,0.0,0.0,11.544202671336537,111.27803018631636,15.24670558051349,37.20014926365551,1.0426908144960467,0.0,0.0,0.0,204.24792728217514,913.3191098295557,239.37576505347832,1249.7808238932182,15.163056103606296,0.0,0.0,0.0,282.63110620703236,1768.5329381808594,733.9120892783496,2399.9227339403137,67.68750135377964,0.0,0.0,0.0,249.12635852520185,1558.203383897069,950.1552066949413,2314.0431390398503,218.29051493922086,0.0,0.0,0.0,132.00801914823828,744.10174098232,117.7151880993231,455.3021418587594,125.88098724012522,0.0,0.0,0.0,22.25237705075045,147.2277439633641,59.34159439369033,99.82056401692896,8.967017503347948,0.0,0.0,0.0,4.111790257535216,107.33744907033558,42.731057099840946,67.87727371417014,4.170763257984187,0.0
1587506400-1587765599:0.0,0.0,11.404437985871672,276.76039099124046,79.13733136627722,54.62874403265868,5.832229130751411,0.0,0.0,0.0,19.082282929766603,130.53341645703244,136.76177015173332,100.71129891160064,6.874919945247458,0.0,0.0,0.0,275.19434264858023,1105.3788810410485,967.5375925880522,1408.7464982122644,26.282549454289324,0.0,0.0,0.0,359.3412997498122,2401.066942197831,2074.5678826083026,2676.315129166501,202.98047310312475,0.0,0.0,0.0,288.61920786645186,2191.5589189529737,2361.1835881360853,2707.602788013635,264.873465460288,758.3582825914804,0.0,0.0,341.07058134175406,989.4472844534599,412.43622798860946,542.7441934714737,182.0741359649198,0.0,0.0,0.0,229.08530495336387,295.1916349120952,217.26114794779284,100.20832250569592,91.10230291320856,0.0,0.0,0.0,218.07059223179382,290.6443787149071,103.52714480558615,59.28193737224397,87.52595787307799,0.0
1587592800-1587851999:0.0,0.0,17.97498313419787,284.1400720157149,85.13465739273411,35.13382248921626,5.832229130751411,0.0,0.0,0.0,31.29313954594606,121.00816997757588,149.02054101478504,72.82438194805883,6.874919945247458,0.0,0.0,0.0,399.6837036464897,759.6551669852036,990.3218191616892,558.463235425468,40.56539418368765,0.0,0.0,0.0,309.76775623173216,2045.7674518957951,1995.1075290980502,1153.4360315914719,201.30693709018692,0.0,0.0,0.0,209.61536729695243,1849.6744881501722,2418.2668348735947,1215.0033243622079,264.8128101152089,758.3582825914804,0.0,0.0,277.88295613708675,655.7551635537212,623.9637794287463,329.16815680676694,192.77316664704932,0.0,0.0,0.0,240.94699771253215,289.0532160691593,427.5536596582033,82.29814431738066,95.08659614326089,0.0,0.0,0.0,228.62183925778172,288.66805647215455,313.2307343444527,41.24615374732375,87.52595787307799,0.0
1587679200-1587938399:0.0,0.0,13.005161421639333,224.61831858511994,82.5956790135965,6.058858524521839,0.0,0.0,0.0,0.0,25.369582517560605,67.00008115718123,177.23767431310563,90.19068522348256,5.832229130751411,0.0,0.0,0.0,274.5904049621309,391.03476651983726,943.9306149842957,281.5181475226504,29.20628710602266,0.0,0.0,0.0,197.6630651253115,951.5626817044016,1797.537929881811,620.3727826032853,147.3605637211619,161.3115132873989,0.0,0.0,105.48208937114919,873.8713164171502,1932.6184946859012,770.4524687928072,66.55237995637401,1413.5249718986192,0.0,0.0,243.55486296163593,417.38411114333945,598.2653174497692,218.46560674877074,178.40811986052805,0.0,0.0,0.0,228.57978873606595,168.92442645954304,423.59088414866915,25.703380024302984,127.61955213531961,0.0,0.0,0.0,224.94482478047289,188.2727529619335,301.63068505967203,32.76776167372592,83.35519461509381,0.0
1587765600-1588024799:0.0,0.0,13.126646957620496,35.93845996772944,37.89822314008148,8.037228263164401,0.0,0.0,0.0,0.0,23.784164833554883,57.438597536441016,72.03247746594599,42.56581118587136,13.24015391490228,0.0,0.0,0.0,729.9671673559466,212.7693382466617,267.7591735607882,157.27635811458737,21.76364646610808,0.0,0.0,0.0,601.310787468157,353.75404309917695,795.2272907433418,235.02449828538175,29.727909872934607,161.3115132873989,0.0,0.0,553.9557569527948,231.54785726805744,750.1854732144585,278.183884481232,30.075393849152302,1049.4961036726147,0.0,0.0,53.876295085959796,190.46877212476323,483.67746452853623,147.87312003124939,126.93079660681279,0.0,0.0,0.0,16.37876178706065,16.682353239970944,448.09379924077797,38.91276586744843,50.25734985086575,524.7853168322114,0.0,0.0,11.41462145739515,3.695549746811697,272.60472590775055,8.966788954682286,0.0,0.0
1587852000-1588111199:0.0,0.0,8.221957259783805,49.88386867286226,74.6553390174987,9.14893788666065,1.2259782630578977,0.0,0.0,0.0,18.04806409165942,77.27858401958137,71.7145664360067,41.477841403766455,14.41533608940442,0.0,0.0,0.0,619.6881056038399,221.9824645861886,320.52609769865074,98.76530348836643,7.480801736709757,0.0,0.0,0.0,583.6898685784521,374.0836305520048,986.0495207576101,285.3836642940075,31.114700985508847,161.3115132873989,0.0,0.0,580.3477186638486,397.55855034193974,791.7827113021636,221.24675203648135,29.888963602224724,1049.4961036726147,0.0,0.0,67.24124462143944,294.5737064647717,318.1422968277451,121.45141614688832,117.96410181749214,0.0,0.0,0.0,19.266721221877813,153.32607755144417,304.0325265253353,40.485850144733874,47.32042985351377,524.7853168322114,0.0,0.0,15.129291636916681,47.608666169064186,57.547756908099515,9.251723106689857,0.6508721442779598,0.0
1587938400-1588197599:0.0,0.0,6.963070276493148,54.525275999981034,77.59729092006755,6.7806427760949495,2.3293244226330874,0.0,0.0,0.0,14.769832664475974,58.72506363708102,44.43671904429101,24.300902964805182,14.41533608940442,0.0,0.0,0.0,590.9826042074881,117.43993345842658,253.42584043328415,161.71217859898135,3.31003847872557,0.0,0.0,0.0,572.0330696712541,300.16945396184707,771.5764282228199,351.1415327909045,34.13444903650375,0.0,0.0,0.0,585.4576506539337,450.92465213944445,886.9792924810454,303.55927315639684,22.290162961681922,1049.4961036726147,0.0,0.0,73.17727673839158,170.858633622365,286.6700931484283,115.78455380257274,33.45393059766219,0.0,0.0,0.0,21.811459511394876,171.34299214281884,301.7569691222608,41.309488551688005,15.444421743645155,524.7853168322114,0.0,0.0,15.071060945656486,47.902654785712635,49.34186225209673,8.075638413582013,0.6508721442779598,0.0
1588024800-1588283999:0.0,0.0,2.688966126872098,54.52252850077742,61.782067693214444,0.8756719369227328,14.282204112790058,0.0,0.0,0.0,8.174880876824274,127.51322970132343,34.21001531473344,10.899779226187167,1.1751821745021396,0.0,0.0,0.0,67.85791334877608,116.2185098379825,210.95490658226322,137.60890130433276,0.39175521003112657,0.0,0.0,0.0,68.43349305780866,281.65885714757655,502.8116436337601,337.3149718872369,45.577405403078366,0.0,0.0,0.0,72.9280679912403,586.3119243609455,688.8730760964557,250.38539586392537,44.37284019080646,0.0,0.0,0.0,36.085842360151005,172.82994148529406,113.89379673294422,82.31175521473264,48.02260128157204,0.0,0.0,0.0,19.020639704620415,166.4116546885324,122.08390354255437,22.067832396097565,17.801245348916456,0.0,0.0,0.0,14.324147896769624,46.937436969001624,15.879011312668956,8.363688715307314,2.305891383640745,0.0
1588111200-1588370399:0.0,0.0,0.18949976758319612,28.181408336346976,23.03785270285323,0.9328513884944916,7.63145908444127,0.0,0.0,0.0,1.5663357618600338,96.87975785853028,22.9725537139886,23.182477328953368,0.0,57.14838575437789,0.0,0.0,31.682335140310933,71.26241445639627,232.32519913600083,165.69503023661275,0.5876328150466898,0.0,0.0,0.0,23.046746455882367,180.63769843628742,655.025711010379,342.2543454079664,43.014210295166,57.14838575437789,0.0,0.0,23.06082790668175,364.6548543505959,783.556331299402,323.29530876431477,40.379315871478106,0.0,0.0,0.0,17.854099599326837,53.132018664275044,178.4421679069502,135.5492507810935,55.395139091293316,0.0,0.0,0.0,4.5869141320866795,24.896241919637944,172.28010930187446,37.30850659365867,18.67441064298067,0.0,0.0,0.0,1.1595562372084696,4.260507119939411,23.43662392464495,25.38816886068245,1.1033461595751899,0.0
1588197600-1588456799:0.0,0.0,0.1719927588500153,11.118098197217384,17.867792821265766,0.79797183231081,10.664307200917278,0.0,0.0,0.0,1.5636364469294626,91.78736067974341,10.476451395798025,9.986655760850555,1.8372027339730923,28.574192877188946,0.0,0.0,24.52776075470067,59.00963804480364,201.25902163882827,97.11069163317694,0.5876328150466898,0.0,0.0,0.0,11.548169588734575,164.82847660856157,573.3916768915777,243.64815104225056,37.6603460656629,28.574192877188946,0.0,0.0,11.528907872279637,225.48612590269394,558.7002621575358,186.36618920852936,34.491488414988694,0.0,0.0,0.0,10.474637760828836,30.42081503822204,149.3289969159581,98.17812013920992,32.29513865151947,0.0,0.0,0.0,0.6560991203898621,1.5087906701936344,137.7216134038048,29.335918017055135,11.194550139529241,0.0,0.0,0.0,1.2760176197288604,2.185528875173291,22.623234239122603,24.07249335360584,1.655019239362785,0.0
1588284000-1588543199:0.0,0.0,0.1719927588500153,3.911058838361828,18.69985906275309,0.8915693959826031,7.783720823241892,0.0,0.0,0.0,1.848239557790909,6.463769101511061,14.110618250153728,8.138172688745092,1.8372027339730923,19.049461918125964,0.0,0.0,20.105971910053096,29.474975583487034,172.80718489374135,78.22156392539817,1.2259782630578977,0.0,0.0,0.0,32.37515789635237,105.35914756369954,554.1233652006933,189.75327700241013,35.7823090566865,19.049461918125964,0.0,0.0,30.599350916373435,61.62925831003945,475.8893940268949,149.9455402213968,14.34267739131256,0.0,0.0,0.0,12.80661717531495,4.534011951435893,139.80695760325864,69.72660469435606,17.01586359282366,0.0,0.0,0.0,0.9227580754869636,13.504880577775289,136.03786013161792,15.560345771726615,2.6899710349811214,0.0,0.0,0.0,1.566443894904857,7.794590440421529,22.021473628009744,39.45601606201738,0.0,0.0
1588370400-1588629599:0.0,0.0,1.6704638868499864,15.131274233426668,8.793084052041928,9.636926822023614,13.595470817118375,0.0,0.0,0.0,2.2936842949220955,36.05714677103317,14.674212791927722,20.206116647330326,4.458193483174657,0.0,0.0,0.0,30.235932427043043,96.65933082192755,70.31566286954201,36.87460834786571,3.6761701285599386,0.0,0.0,0.0,49.52063894204957,200.20259648666203,188.98305486334127,83.85963253596759,41.159307887250534,0.0,0.0,0.0,57.834110130720816,111.26112910299375,160.20596616895097,64.6503760483137,6.3499832234708045,0.0,0.0,0.0,4.7984609659071875,56.777410537950935,20.610617353311827,64.85585745124061,7.549656296769761,0.0,0.0,0.0,9.107866061946014,27.303017424926175,29.390282132244778,9.037730457801,0.0,0.0,0.0,0.0,2.8992540692249773,8.115538114488757,14.868846887260851,26.16355791914611,0.0,0.0
1588456800-1588715999:0.0,0.0,1.9194231374059654,15.491173631333366,10.696266375182503,15.108875072565104,7.673998469797013,0.0,0.0,0.0,2.8595002404525753,35.12220680417368,20.088600157336657,24.601390724516726,1.831840781848806,0.0,0.0,0.0,33.68349554964045,228.45535208288683,90.16588754662324,100.39660873515572,27.233310466416228,0.0,0.0,0.0,56.65949421079073,206.27512147661716,226.71555916201083,167.39653369212527,39.44590401583912,0.0,0.0,0.0,63.75863441830201,136.11815416379406,237.33714937328713,147.4337134931137,33.82219065079688,0.0,0.0,0.0,10.666196620590807,58.591601025250796,34.57526059936829,96.22038631640191,29.576586395451393,0.0,0.0,0.0,9.346061285865325,27.41696202915993,29.748481913964508,12.158712296579953,10.87672560636086,0.0,0.0,0.0,2.7712786251023642,8.023969203061132,12.773054713329588,28.795291365601027,0.0,0.0
1588543200-1588802399:0.0,0.0,3.2833011373206005,15.73127502762591,10.976457050320468,15.307905312290192,6.079573896572087,0.0,0.0,0.0,2.4719053042023127,34.25471360072333,16.911320572731697,29.169905498145443,1.831840781848806,0.0,0.0,0.0,51.069360547003335,246.42841615627285,107.73666397383117,139.45927208556486,24.820930480910786,103.19159328434151,0.0,0.0,46.2885967769042,239.8043970337123,457.18811962887725,242.61921328790774,36.126889565385824,0.0,0.0,0.0,47.15268553242168,162.67907955720602,406.8781216048368,313.9684831900207,38.96344150576043,0.0,0.0,0.0,9.886734784284808,61.32547886058502,42.03086699148526,235.20894483544708,93.83701149927062,0.0,0.0,0.0,9.462281372491907,15.438327414114427,28.709424183194546,16.89513262580558,10.303313015442267,0.0,0.0,0.0,2.632547312963825,2.869950342450278,14.850206146834491,19.948921616391555,0.0,0.0
1588629600-1588888799:0.0,0.0,2.0611566278939115,2.203291083973004,7.938403369068589,5.639779302375981,0.4890856427238403,0.0,0.0,0.0,1.1233530960356217,3.340744657582786,10.652563711008186,18.56833976201509,0.0,0.0,0.0,0.0,29.854475334981412,174.36515253298495,96.63473971492019,123.33640048306704,23.711191583618042,103.19159328434151,0.0,0.0,15.549978188294112,131.07661521364676,401.552009117547,216.2164936768434,23.923823671871023,0.0,0.0,0.0,8.59551372712816,95.43698788077728,411.78050110861443,278.7496895929834,67.09326391473725,0.0,0.0,0.0,7.08877962928009,15.920347122335343,37.61371300721548,240.02441745081902,545.9960018532125,0.0,0.0,0.0,1.2744642885314255,1.9097811055655556,10.803548780115833,18.325684309324572,13.028290050511773,0.0,0.0,0.0,0.16021774129472444,1.011895650641972,6.954089739300482,16.14901535147555,1.1033461595751899,0.0
1588716000-1588975199:0.0,0.0,1.8307078361144735,1.2512964053883977,8.585710357560304,1.2225195186128477,0.4890856427238403,0.0,0.0,0.0,0.43906414803502625,2.408795993931623,17.089773079801432,12.055910674728214,0.7336284640857604,0.0,0.0,0.0,27.599144340119228,204.92466697864432,163.0697482675,116.52676781266848,0.926978836793531,103.19159328434151,0.0,0.0,14.56437039965527,227.42065345082088,476.93252777438113,219.17066211095974,26.016078506029142,0.0,0.0,0.0,8.490384364768689,108.53875191287815,354.7123038641324,380.9597395393833,49.14447410134849,0.0,0.0,0.0,0.9350721942033524,10.861423662880453,24.309630173853396,232.39547821410983,522.3689285762466,0.0,0.0,0.0,0.6645362155138022,1.1498018919691266,12.020476816355515,18.66913497361304,8.063127667762226,0.0,0.0,0.0,0.043756358774333565,1.0986762500560678,6.228176801392927,16.843122669786766,1.1033461595751899,0.0
1588802400-1589061599:0.0,0.0,0.5764075119639507,0.399533214107626,7.957145016570021,5.083072618878168,0.8808408527549669,0.0,0.0,0.0,0.4668298361998385,2.701866372444621,17.3956701980548,12.409791071025207,1.125383674116887,0.0,0.0,0.0,6.640130786229679,82.7226228414772,151.9331713434589,96.68752483634246,16.32233642554605,820.3566871571566,0.0,0.0,3.2717007999666627,256.77264885532463,233.04595492666388,198.3399685344669,14.526512249602082,0.0,0.0,0.0,5.98158266528159,98.88029171707423,218.9102385808517,299.77418930631814,37.73501694369037,820.3566871571566,0.0,0.0,0.720614073033436,12.203467021066064,24.372212477385414,111.28931460084699,514.4861672387417,0.0,0.0,0.0,0.45933332373215646,4.945442362411745,12.310636843793542,15.253021942931554,17.758370497679834,820.3566871571566,0.0,0.0,0.0,6.329561505524106,2.699879865972596,7.467062908951325,4.019460724950895,0.0
1588888800-1589147999:0.0,0.0,0.3610567144871115,0.4518458797578466,6.48744022960624,6.055815006607818,0.8808408527549669,0.0,0.0,0.0,0.25656792438592746,5.3838588939072745,16.119937017044258,5.148108715520538,1.125383674116887,0.0,0.0,0.0,12.51362042702189,82.59648263974988,140.10328923016428,66.82594696469627,26.488159255466908,820.3566871571566,0.0,0.0,9.79032517042101,257.4496840146734,225.37603343297044,240.51944787896733,13.166338456897252,0.0,0.0,0.0,9.361594872733885,108.79507424636512,193.73649604434902,311.80449832678397,17.615426190647682,820.3566871571566,0.0,0.0,3.6401705990301805,12.469355314658648,27.706598985294644,155.49101280265472,43.50310675873404,0.0,0.0,0.0,1.9385735732123817,5.1707622050787565,15.702853172017083,8.12948522765316,28.950883400522496,820.3566871571566,0.0,0.0,0.2824072193649593,6.171256679895622,3.7977754999561064,8.590874167447307,5.832229130751411,0.0
1588975200-1589234399:0.0,0.0,7.634260874593055,74.17495744320331,52.6776537380362,119.88076950565122,33.99900193813097,0.0,0.0,0.0,12.774960299062332,130.73215045670736,179.62850812965118,127.97089851847919,26.31687707042381,0.0,0.0,0.0,105.310211005769,384.2605387375225,1447.4194060869806,828.4659500111945,56.721940877551155,1640.7133743143131,0.0,0.0,86.23400098065213,864.645472583978,2013.9555341242365,1326.5436107990804,210.04548734582553,426.12450408560983,0.0,0.0,51.215361406592876,571.8119511516066,1771.1117863228517,861.6483777246076,201.5583463020714,2053.479747451679,0.0,0.0,37.32825255404735,173.06511723885427,564.2134369272479,416.85391593438897,163.0974591154329,0.0,0.0,0.0,10.60194309343978,39.945022577694495,117.58783982483439,149.30645266512965,154.45330949744064,981.6682004445554,0.0,0.0,9.560590084523222,19.852066413274155,34.36244968346224,30.212518385845737,11.336301694296445,161.3115132873989
1589061600-1589320799:0.0,0.0,47.543344168135754,80.31817175058912,59.55412541467647,114.15774787491426,31.768279333512993,0.0,0.0,0.0,52.89936758040845,141.46916613804297,200.3270464025434,146.43040800299391,25.925121860392682,0.0,0.0,0.0,169.80457891143422,423.87896909638374,1551.4176744117779,1123.949017367983,42.09975058316659,820.3566871571566,0.0,0.0,173.84620738735103,955.5039332759178,2403.3015721205147,1935.0965973993784,241.4001728166935,426.12450408560983,0.0,0.0,169.15020883098802,687.9905674954964,1984.725839377902,2184.7508413038013,185.07041281595664,1233.1230602945225,0.0,0.0,82.61607501424425,214.55657406069318,616.2134166049533,631.6433307680635,213.301783322141,820.3566871571566,0.0,0.0,52.18734397130021,88.36098700230654,224.87762519922398,183.77148680659894,208.7662794840685,161.3115132873989,0.0,0.0,49.806613357974896,44.3756475957121,150.4210258576217,57.197091314736944,5.504072563545033,161.3115132873989
1589148000-1589407199:0.0,0.0,50.79800596966953,80.45767750218074,61.105390936266126,112.9659191786646,31.155290201984045,0.0,0.0,0.0,56.23891588410108,139.95673168146348,197.03108765044757,146.9414446156846,25.925121860392682,0.0,0.0,0.0,168.30592658018355,444.0941640450883,1575.5004742846702,1173.968210235041,41.11994721959476,820.3566871571566,0.0,0.0,175.6382933528385,981.9167779021343,2370.7279068287144,1878.297852548288,297.21591619839194,716.7550949121544,0.0,0.0,166.41686807328873,685.0996750053174,2059.6601260438515,2164.7686186777737,185.18804300522493,1233.1230602945225,0.0,0.0,80.11488553391538,221.34601047605193,642.9165757337477,517.1420447062522,218.1313843238813,820.3566871571566,0.0,0.0,54.59819510299626,89.09069912193743,232.20576064809583,190.35062170321808,251.96068529567157,161.3115132873989,0.0,0.0,49.52420613860994,44.58581849169707,160.22013080473167,56.29136827977066,6.077485154463628,161.3115132873989
1589234400-1589493599:0.0,0.0,44.483771556539644,7.944852169669876,14.71733060505167,5.26177754887976,0.4890856427238403,0.0,0.0,0.0,45.528478727555644,16.680679096546726,25.189236479922513,27.937599469355,0.0,30.517051832286853,0.0,0.0,79.76274023455584,101.31117306351656,203.92891833933447,413.40057780433636,12.777957518875647,0.0,0.0,0.0,104.84825801364191,247.85145697090604,619.5609912836236,818.4011623330869,116.92035949235125,378.2960284132093,0.0,0.0,128.15607674158596,194.55831202283358,510.2861673107091,1560.8066470307035,42.31298999283081,0.0,0.0,0.0,47.69196831489865,69.63833769121024,128.78668855410993,866.6231830459209,107.8127945166608,820.3566871571566,0.0,0.0,45.90616727375143,55.947974264101106,135.72475931022464,55.17668935220541,128.2046710693679,0.0,0.0,0.0,40.3486247193425,30.02744813834178,128.06478385703915,31.370230874120587,1.1468251818371902,0.0
1589320800-1589579999:0.0,0.0,4.399201218404285,4.781565263430055,8.066753207948564,2.324069225562823,1.9562383810073012,0.0,0.0,0.0,5.385400300281294,7.898597926691943,6.429280198934576,4.5178846962721,0.0,61.034103664573706,0.0,0.0,14.690188414406258,97.97282372535722,99.11647488398249,368.65270858242695,11.383746402846851,412.76637313736603,0.0,0.0,17.015266507969454,168.66924158390063,268.21112812477617,2808.0084703317675,104.80074998652233,408.81308024549617,0.0,0.0,9.221808812291377,98.43954657970403,325.9981606929106,1625.8041731311732,61.31311858646365,735.6992839386344,0.0,0.0,1.6902675869695003,32.31622691232825,83.72341212911883,692.9214572877185,152.07425738338833,0.0,0.0,0.0,4.497587485241315,4.274686076265294,27.659518835149353,30.58039059245053,119.57938376832607,0.0,0.0,0.0,0.20520289178164564,0.36206182749830906,15.519393397394849,3.755312048110852,10.075350902319947,0.0
1589407200-1589666399:0.0,0.0,1.0246042851375556,4.630171472891621,7.933874913788269,3.305977863645472,1.9562383810073012,0.0,0.0,0.0,2.010803367014565,5.024663100840868,7.015586696113961,12.77270720603508,16.50971799283978,61.034103664573706,0.0,0.0,27.123668920923592,82.55625069877492,67.80510503200905,434.6360319939814,15.759794842930301,412.76637313736603,0.0,0.0,16.642282290794434,150.47663608484692,267.24919250592876,2883.3222377825446,107.9784473103627,118.1824894189516,0.0,0.0,13.135055720763766,93.3934474006139,208.56820360121517,1808.4849250707684,49.911586723041296,735.6992839386344,0.0,0.0,1.9234952959948246,29.963295657406732,50.17126309665519,664.7537444066764,138.0031801584769,0.0,0.0,0.0,0.6290368591833979,3.2618951339485363,17.22977061710946,31.189735917504603,70.56324780457723,0.0,0.0,0.0,0.3147805675457578,0.059495399026783594,4.778767445597954,3.1480852491760225,8.92852572048276,0.0
1589493600-1589752799:0.0,0.0,0.17299412250855087,3.781364513361593,7.765894234963105,4.844136333091834,1.9562383810073012,0.0,0.0,0.0,0.30426319883155156,8.237441569369615,10.72954419605431,14.514595078141484,17.68498362293316,30.517051832286853,0.0,0.0,31.805868287251904,79.19348770398042,58.26766922622324,433.4354169907281,15.737294157020916,412.76637313736603,0.0,0.0,10.685003868838685,138.59620940454798,140.12859384761273,2875.0633743295903,130.45548521103882,30.517051832286853,0.0,0.0,10.316654133251728,82.01268216887736,141.9961231595625,1597.8894428682759,51.49754772928182,735.6992839386344,0.0,0.0,1.3876818948821064,21.048029740938546,29.01685172354096,117.19273649303128,167.02286354963277,820.3566871571566,0.0,0.0,0.7713322003376232,2.4703785378163925,10.48367939222509,10.956126386591372,62.60627352102951,0.0,0.0,0.0,0.3695694054278139,0.40709608749587095,4.930389111137617,3.6697294822164346,8.92852572048276,0.0
1589580000-1589839199:0.0,0.0,0.23862866067005123,3.099964675635749,6.468612701910883,7.606827016133781,1.8228427560674387,0.0,0.0,0.0,0.5564677336737871,11.382501618572615,17.102498252965304,15.471302739714337,17.68498362293316,0.0,0.0,0.0,30.741916128125773,31.674116274466684,67.1686189952531,234.84499644348114,7.082003020644842,0.0,0.0,0.0,16.06963010112116,59.56882260922058,144.82148077430554,335.55615451716403,119.37939046423503,0.0,0.0,0.0,19.988243313880513,63.61428398003682,147.72342973521833,287.5851610295252,19.806093040665736,0.0,0.0,0.0,1.3860252395542731,14.718278153899556,26.808689359957356,124.38904559214188,42.01547430823214,1063.0013235521826,0.0,0.0,0.6523168948912792,2.580119239325781,13.602279713038511,10.644269479575492,2.954241373861241,0.0,0.0,0.0,0.2300010518076686,0.6609067002274912,3.4741699075484918,13.573184350973131,0.0,0.0
1589666400-1589925599:0.0,0.0,0.44383155245169686,6.319377944735581,5.730033560009725,9.159009395317213,2.067385577429359,0.0,0.0,0.0,0.7616706254554327,15.963605055914288,13.259857133492389,14.318522203117196,2.7535655647988984,57.14838575437789,0.0,0.0,22.012869254107134,25.14502064923428,51.904880976556065,115.74570523426054,4.676009725298037,546.904458104771,0.0,0.0,5.868906301492149,66.83959335580867,93.12734488281606,200.15170292445967,44.46223616919148,57.14838575437789,0.0,0.0,10.84065246283823,32.837734997540764,153.81150739441227,120.75690187334429,24.96865576382716,0.0,0.0,0.0,1.2501171236263375,7.787709863539552,23.618390173830157,108.41727171239967,33.230774777988856,1063.0013235521826,0.0,0.0,0.28274748946346534,9.257826780925441,11.8628606448519,13.332777941067247,8.198837689565963,546.904458104771,0.0,0.0,0.1996700402502159,2.5225254691347248,2.8456534103938758,14.62973967757783,5.832229130751411,0.0
1589752800-1590011999:0.0,0.0,0.5416748598862919,6.893570324274408,2.2050911105585653,6.463419376940614,1.2782356100765997,0.0,0.0,0.0,0.9719324044337286,14.332639669913899,12.88185204373636,18.727264078209046,2.1907008460298827,57.14838575437789,0.0,0.0,19.987976736648296,28.714259338961554,59.35396163553529,90.33724744459539,6.260390845234703,820.3566871571566,0.0,0.0,10.066521071645031,84.0523339225779,124.6848141093158,194.7669049187364,19.730871604174443,57.14838575437789,0.0,0.0,20.78401716136137,52.97631584655034,178.74313790336828,126.59626599241732,12.308636809128844,0.0,0.0,0.0,2.2365755867059742,9.795583931550324,33.00571614891981,77.12929285523839,13.019506377761484,1063.0013235521826,0.0,0.0,0.34110004663851723,8.687987575962774,20.73057533407325,8.7794690944566,7.142585707769084,820.3566871571566,0.0,0.0,0.3797295826610445,2.3387686361066025,2.668073911853418,8.83545010760953,2.9161145653757057,0.0
1589839200-1590098399:0.0,0.0,1.5288386255675697,6.801263855800919,5.379664357664642,5.55378651030982,1.4160644795173714,0.0,0.0,0.0,2.3899002802303406,12.503715938793723,8.900094937121937,20.052968639472077,3.730080594147778,57.14838575437789,0.0,0.0,23.25780080179762,49.19201932000133,59.73450608878277,120.74496418512084,7.200617668196178,820.3566871571566,0.0,0.0,24.75185495940548,128.19758915144277,139.77456188031383,226.67435918723697,26.46045816357107,57.14838575437789,0.0,0.0,6.225744105512504,119.4671000633647,187.13668749662145,178.6544266033497,13.400819615781417,122.06820732914741,0.0,0.0,3.426870028758376,56.97616450319401,38.83896266329192,120.26597525154686,12.723784307344314,820.3566871571566,0.0,0.0,2.3065211335384443,22.941880729118548,13.239694484053425,14.399002001209775,8.231452992408338,942.424894486304,0.0,0.0,1.7745230703761132,3.9285812526828345,1.8823200768154609,5.68800310357264,1.9440763769171372,0.0
1589925600-1590184799:0.0,0.0,202.85000110456073,1130.039675827911,878.3621719648899,52.825468367358305,8.01011383406677,0.0,0.0,0.0,294.83420348856987,2167.1349713219784,1546.826756154078,292.63852477227533,12.809188978719234,0.0,0.0,0.0,1187.4190341298638,5773.387006447725,3446.0875956280547,337.3800875833299,229.8331608907102,0.0,0.0,0.0,942.064530089623,11264.013410167807,7329.965440250788,1873.4677617632747,73.86374967576151,0.0,0.0,0.0,581.7812839139407,10200.493874667998,7669.938184767191,744.139931446488,226.6089538857621,122.06820732914741,0.0,0.0,306.273229987352,5555.01378797287,2726.431544597182,974.4740977162257,20.205461268952355,0.0,0.0,0.0,213.60632104092593,4026.0954510295983,1851.7051881946536,40.602524125588516,30.280968634419835,122.06820732914741,0.0,0.0,103.79484005232416,2539.5286621814153,814.3831924541796,38.156150204497344,0.2169573814259866,0.0
1590012000-1590271199:0.0,0.0,248.548696673699,2049.6216368754417,1191.643813291345,107.23093451976314,7.76557101270485,0.0,0.0,0.0,358.0783120078469,3464.1438742716855,2080.827349744201,387.23651680579303,33.252384848096725,0.0,0.0,0.0,1742.3267628706772,9181.30992472336,5446.800813525029,682.3501145338722,311.3431928294974,0.0,0.0,0.0,1162.6390088312357,18419.924315335214,11432.472713886467,3339.8070950687706,151.90618548420775,57.14838575437789,0.0,0.0,793.310812658292,16042.531165181426,11507.90612697955,1261.3539927867123,307.4886522749175,6503.159129755323,0.0,0.0,432.0628428437495,8455.343637131238,4158.927369829395,1234.892401567015,84.93555113297865,1007.0627104654664,0.0,0.0,317.0688316235135,5619.003875500276,2844.205438311721,111.90734167275437,50.797087481992556,122.06820732914741,0.0,0.0,165.4402547414761,2946.192056916984,998.0066779161233,65.71029860681867,3.350029328227679,0.0
1590098400-1590357599:0.0,0.0,305.14331852830065,2509.7183074117092,1308.595808082173,118.06837478556638,10.75781900472295,0.0,0.0,0.0,481.27744819824085,4270.254131623096,2829.822040063652,406.80218247352275,32.60297716910988,0.0,0.0,0.0,2304.9265968569816,11157.083445308852,7300.528478616047,785.6413303528592,311.1172613739303,0.0,0.0,0.0,1543.9949859143933,22060.02810424289,14390.359446393013,3543.7220816682543,178.87194347081527,57.14838575437789,0.0,0.0,973.1952485644283,19084.447416827294,14721.952144958263,1433.4254463668215,314.559590033436,6381.090922426176,0.0,0.0,481.7970870333384,9921.962000680654,5777.318347679469,1018.9628340567793,101.0888964931586,1007.0627104654664,0.0,0.0,370.1681323298017,6131.132736412982,3384.1268219195476,163.41311364260886,56.43181222986491,0.0,0.0,0.0,204.2097579648046,3288.8391257244616,1146.4653411784604,82.72521247593198,7.844443828308903,0.0
1590184800-1590443999:0.0,0.0,298.6994846545504,1739.895072730638,664.0727575909676,109.96816385331904,9.040283497695732,0.0,0.0,0.0,362.9070226723507,2866.400014721401,1885.8320657753095,223.71570713454076,40.06524501031058,0.0,0.0,0.0,1777.2813408501866,6891.361877386987,5092.568740284165,619.0912129667694,108.99620260983782,0.0,0.0,0.0,990.8487196590772,13421.05933472985,9065.52684014112,2155.0946764482087,175.9078336220859,57.14838575437789,0.0,0.0,691.5851037417264,10815.37149862847,8757.143205371489,1097.8915644458732,136.01248333255347,6381.090922426176,0.0,0.0,355.44719180632694,5475.066126729256,3528.8761590780878,596.7802653147733,318.3090380828756,1007.0627104654664,0.0,0.0,270.7052214636734,2570.0468989806764,1788.5540334768905,150.8624634084633,96.75492706763653,0.0,0.0,0.0,179.6880244516872,995.6415368163422,504.5551756004967,82.20196089344414,11.059295101541469,0.0
1590271200-1590530399:0.0,0.0,331.39241490609845,1017.1027501723457,454.2476961046976,84.40954861267052,9.284826319057652,0.0,0.0,0.0,580.119618277671,2119.07182670135,1486.328769044539,369.2327723053543,30.963230404525522,0.0,0.0,0.0,1577.7789500804033,4799.143673541702,3453.897241695656,393.0307361641396,26.09081057948899,0.0,0.0,0.0,1104.9278841036476,8635.155305657507,6010.659138145403,1023.0247667307925,114.5277973204494,0.0,0.0,0.0,686.8886955648558,6931.994824525332,6325.265850586462,911.275477825533,84.70439925193685,0.0,0.0,0.0,392.2949887559517,3581.2587420159866,2471.638043706674,709.9553853550142,302.10344463861054,0.0,0.0,0.0,311.9549133865663,1608.628075739912,885.407518199242,89.59402401507391,94.85771949240811,103.19159328434151,0.0,0.0,274.8883059979894,743.0803658622882,396.3601151008594,57.51955448851852,11.71016724581943,0.0
1590357600-1590616799:0.0,0.0,285.50972062754136,681.0126193526183,341.62166922555184,73.78346238450867,8.526256876983645,0.0,0.0,0.0,493.976686848142,1939.5513025195198,848.0463828997321,409.67974313773595,32.21901440584808,0.0,0.0,0.0,1114.9258542731766,3411.2282550216955,2110.549457152265,358.6316707077534,55.91170039173972,0.0,0.0,0.0,827.1238755683376,6058.70857114499,3695.1577424460183,858.3295519034076,144.95762784952427,0.0,0.0,0.0,565.8078142199174,4857.467497444723,4126.150668410093,797.9957395819824,151.53919312506252,0.0,0.0,0.0,415.73653016228013,2538.496792237906,1086.072387096915,507.62584025230007,264.65766560130373,0.0,0.0,0.0,274.199373851902,1385.4979834181277,559.2056540119812,37.82903011321827,91.76286100554515,7803.847467163437,0.0,0.0,261.5077135496888,593.778050207727,425.4664194489555,41.61902016127761,11.432743738712855,0.0
1590444000-1590703199:0.0,0.0,133.10449317023628,520.6709317625523,238.94906691662402,34.22773043763875,0.7336284640857604,0.0,0.0,0.0,362.4560181631202,1486.623485729961,530.225766793337,327.64400101115734,16.548941890667866,57.14838575437789,0.0,0.0,619.4938527332695,2567.625843617566,1272.7656395856243,355.4995039588263,38.66758664912466,0.0,0.0,0.0,549.8030658818183,4748.289179287343,3268.5845147539653,1135.5476490309047,136.5378625094763,57.14838575437789,0.0,0.0,345.88132712365643,4131.067833270714,3555.7390071473988,703.1145596780049,146.35185197875433,0.0,0.0,0.0,300.31609787174153,2026.1677967994995,883.9241625752879,411.18203276599445,46.966301122494954,0.0,0.0,0.0,195.22209086103877,1235.348199442756,489.54169967695657,23.861161028472367,36.504071021215005,7786.648868282713,0.0,0.0,184.69237708001612,558.4419510432439,354.97034616057584,8.98481208937822,6.247996237443362,0.0
1590530400-1590789599:0.0,0.0,54.08544772275441,647.9290561900724,173.50891654713547,6.351616773811473,0.7336284640857604,0.0,0.0,0.0,88.95776082730681,1273.2469724302177,501.67665058535357,101.51786721344669,0.9186013669865462,57.14838575437789,0.0,0.0,301.075202406861,1816.2531731628771,1127.7056480186584,225.9433339419778,44.75144566386292,0.0,0.0,0.0,239.33516270386525,3451.9862452487323,2626.1262190467005,1125.5743499867745,129.62999339912818,57.14838575437789,0.0,0.0,151.9535607462785,2717.289726701719,2596.652600082041,311.82655212290064,119.4938896032351,0.0,0.0,0.0,140.0338069668665,1405.0231858589486,762.887481801313,124.63192670700276,22.780212060207003,0.0,0.0,0.0,54.612885614341835,1053.5982789553598,481.9058935799744,26.66745659952233,14.56523349832061,7752.251670521266,0.0,0.0,28.145843134344233,554.552407681589,324.4282832708521,8.478749970434846,4.009502925740874,0.0
1590616800-1590875999:0.0,0.0,76.81642430761383,519.0290737733444,152.5737164916233,7.3638815733934875,0.7336284640857604,0.0,0.0,0.0,114.99057702702986,763.1384847197091,388.8673438785783,48.037383139217084,1.1033461595751899,59.0912447094758,0.0,0.0,278.5962574451896,1487.0440017520273,743.4748442078823,178.4793719362826,13.301617505141442,28.574192877188946,0.0,0.0,236.96846653668618,2678.464943001249,1944.5641351501206,1158.3558591575127,88.49772884802744,877.5050729115344,0.0,0.0,193.57297402957974,2168.246525225759,1598.3059645526134,268.44256025484646,68.17190322753984,59.0912447094758,0.0,0.0,194.511706391087,1074.0351677273432,495.74392686008747,160.99910496026916,46.21095948152428,848.9308800343455,0.0,0.0,112.8559784317705,785.1220080940158,193.99388394938094,26.962098138621812,34.24295805005934,820.3566871571566,0.0,0.0,77.31122220947339,392.56454894008635,77.24186288468779,9.412886877312996,1.9440763769171372,0.0
1590703200-1590962399:0.0,0.0,37.46299716533688,368.39620339214605,84.6559692642649,5.432399599578702,3.08415972427252,0.0,0.0,0.0,80.58952292216306,549.430234170546,275.554092370618,29.369639814896708,8.179708036413142,30.517051832286853,0.0,0.0,164.28293744001525,1067.5711298877056,697.562021911553,95.28244270298156,17.48157364130673,57.14838575437789,0.0,0.0,112.708898303045,1965.7731358666588,1177.2173702231107,205.990316873514,65.84330979210957,877.5050729115344,0.0,0.0,133.53296014616285,1796.9439209390796,1089.8884271012967,183.1369522659173,86.61694322262191,451.6323921792038,0.0,0.0,126.30412701600814,1064.9211103238692,427.8441118903269,191.3165832253306,42.74389671528647,877.5050729115344,0.0,0.0,64.26899828629736,827.5243493765698,147.84022488693964,20.34728781911672,56.957397091008204,820.3566871571566,0.0,0.0,70.28334625644501,387.0546341241659,65.11994778437865,9.681857981036575,3.8881527538342744,363.966954592539
1590789600-1591048799:0.0,0.0,40.50269490079519,135.60962317737665,62.62218532892931,5.413791847339432,3.7526857900962693,0.0,0.0,0.0,96.7093821376859,351.97917151293984,178.10310901822692,28.31171180431157,8.792108947737507,30.517051832286853,0.0,0.0,186.688678371066,732.7262499866591,503.2331212034653,60.662354601250065,9.758007971118662,28.574192877188946,0.0,0.0,218.60217008807587,1088.1659274191552,693.8798993115117,147.78127242147943,60.83166434548823,848.9308800343455,0.0,0.0,255.35641932155664,1117.8153094122931,569.1515414167657,127.55501318437913,44.636741547063096,423.0581993020148,0.0,0.0,129.55408412114562,597.5383665269799,150.4267813662427,165.80601928067497,49.13271758609726,848.9308800343455,0.0,0.0,68.25917019020252,399.8595835913302,75.49657735058013,10.749797319194377,43.54972031362243,850.8737389894434,0.0,0.0,69.93773230931274,197.3684051861433,30.44366324178499,5.430320525845932,3.8881527538342744,363.966954592539
1590876000-1591135199:0.0,0.0,14.131668270610923,133.35733341819844,63.25811779057479,12.461420941035012,5.434565424105697,0.0,0.0,0.0,50.37744680232645,328.2777688269731,193.6907206377071,38.32667195427432,25.71518259589781,0.0,0.0,0.0,175.99570032445317,548.1485204770624,394.21051670954694,28.39053192025944,8.078308091077794,0.0,0.0,0.0,204.82691903249054,885.2513871357879,495.6542314910791,110.46256113770046,69.9249834274828,0.0,0.0,0.0,208.41967945401944,823.7363662281421,411.3033855103761,61.10720128112733,36.27925031965107,242.64463639502603,0.0,0.0,53.308972523245906,509.74743570479075,145.74650476176453,154.24184245662397,15.821121105757822,0.0,0.0,0.0,19.406013026672913,456.41797335436917,86.29338201866601,9.169296088668727,27.64890746895947,61.034103664573706,0.0,0.0,12.440602888245078,190.3199274791598,39.078763995119466,7.561186697763209,1.9440763769171372,242.64463639502603
1590962400-1591221599:0.0,0.0,48.82835643978648,158.41979138181281,83.86266603778738,68.5362578694413,3.650587202555204,0.0,0.0,0.0,92.9066416661493,338.212297916872,246.56516847194035,673.5450024235361,49.43540703974756,30.517051832286853,0.0,0.0,196.01165623625926,661.2476467593165,231.01798409450316,1368.8138163277392,6.787394987406571,0.0,0.0,0.0,234.35540873727484,1082.692079990202,324.3878056155551,2671.368675122695,85.4888591299473,0.0,0.0,0.0,244.15077998977614,626.1347011176127,314.69990477506616,73.05619694118046,10.765680892573187,0.0,0.0,0.0,79.77467764791567,447.2893241702256,90.84812996835105,151.66950937988167,3.8582215767974204,0.0,0.0,0.0,46.962052284063766,210.44943420476756,73.02959654594997,73.2519605804369,9.9847601310176,95.43130142602087,0.0,0.0,44.81880842579206,115.44117283325095,40.53934422567936,9.575068440199884,1.9440763769171372,0.0
1591048800-1591307999:0.0,0.0,42.73695755705751,101.90676697293873,72.4862717040124,74.1875372513568,4.8318682118371745,0.0,0.0,0.0,66.84685576066437,162.28833548913633,120.67068925840772,685.1728841860166,59.53423352458695,87.66543758666475,0.0,0.0,122.96558717201027,339.8969013267653,131.8211207739871,1396.6696519866284,13.257651523580607,0.0,0.0,0.0,92.74389534423584,783.8272129842984,272.7631033535843,2673.82628441775,105.420029211376,87.66543758666475,0.0,0.0,96.88472468986151,443.85419765160105,275.19600076096305,81.5906035931975,17.682333543859635,0.0,0.0,0.0,73.2287719047835,322.9535375627503,75.70939728152044,151.1396129216771,11.836989579781097,0.0,0.0,0.0,40.1863494590826,108.94906331619666,57.240671251532895,72.14536754188615,17.07036597498808,64.91424959373401,0.0,0.0,44.88258941084275,62.63677181084586,35.76950894535424,9.555406143598896,3.489527156294301,0.0
1591135200-1591394399:0.0,0.0,39.212345525760284,66.47668364490701,39.268659224223924,66.4219292315463,1.3070410550043556,0.0,0.0,0.0,49.93120566283993,73.23057885530076,83.02713604035249,674.3008472626393,27.887585645684396,118.1824894189516,0.0,0.0,71.02957507950094,264.8925860251742,148.4737446490232,1415.4799501923885,15.41152572340528,0.0,0.0,0.0,56.82739876993512,638.1641340544935,215.3821984321011,2676.382609137875,78.23718023366638,87.66543758666475,0.0,0.0,62.575480528933305,343.42972994082993,253.9539532600911,128.5617179611859,28.515366180030664,30.517051832286853,0.0,0.0,30.056168328191138,332.7794123157341,48.81058350004135,157.3550240911084,11.38932320668491,0.0,0.0,0.0,29.017256991996046,23.264671985090892,15.743591409867308,76.62361789149942,25.217859494357413,34.39719776144717,0.0,0.0,41.9016391982165,47.05057868354049,4.535391800786564,7.899879165825561,6.979054312588602,0.0
1591221600-1591480799:0.0,0.0,0.36180724492046534,22.850050405794335,17.48847532496851,13.417327530027656,1.3070410550043556,0.0,0.0,0.0,0.9769850125718,46.900511528587046,72.93165197516,49.81283116035757,2.6190864358133603,87.66543758666475,0.0,0.0,27.138117778479742,69.83426992530008,133.18068102340365,74.06130860928721,10.923310272741585,0.0,0.0,0.0,25.007093449818175,281.81873486030594,175.34382189475323,110.68163929246339,52.762571937893384,87.66543758666475,0.0,0.0,20.309575047028407,194.3257236214325,236.95774070977745,122.85488189090005,26.997495965459333,30.517051832286853,0.0,0.0,9.904813254609573,112.05218685107752,65.29728186652959,79.19233784365382,77.13483008980874,0.0,0.0,0.0,1.8757395014500575,15.415413569218288,14.956236667062477,17.86517069763115,13.478648441771735,0.0,0.0,0.0,0.20520289178164564,4.60465531319869,2.648114870596608,9.197595879107435,6.979054312588602,0.0
1591308000-1591567199:0.0,0.0,0.44461543049839847,23.7028360575164,18.03515407828852,22.830242389558858,3.027278827760141,0.0,0.0,0.0,8.44972298072939,43.98457400929879,51.87661247754807,38.90662810528353,2.151712525624114,61.034103664573706,0.0,0.0,24.849827979592245,63.879735182119916,94.42025719165274,89.02007123589844,5.328494550881148,0.0,0.0,0.0,25.396985206815312,240.22608937883106,143.05350540487478,126.68041089949199,49.926147507482156,0.0,0.0,0.0,22.591946253426602,169.50984800568463,198.36277976128633,125.88649008882109,21.001805403258086,61.034103664573706,0.0,0.0,9.706949131702203,117.67935031239062,61.537546617206225,92.44996982112818,76.31718143518114,0.0,0.0,0.0,2.249776470496169,19.859484958664776,14.161309906473932,16.31230895732636,11.462766144137715,0.0,0.0,0.0,0.0,2.8244064132783304,6.14947826801408,8.762615358844654,6.405641721670007,0.0
1591394400-1591653599:0.0,0.0,0.5102499686598988,21.878303168867443,14.62019613337471,25.962714124725743,7.103152656655944,0.0,0.0,0.0,8.661489275645781,36.57261847849644,37.124652049035056,42.81732970235392,2.9420824979686957,61.034103664573706,0.0,0.0,25.26433037837541,27.816747610989083,46.75630049445902,60.44642329465921,7.2144109849819245,0.0,0.0,0.0,10.81235905129445,94.49006746341949,115.81081489756002,116.47553109534422,54.67731562287986,0.0,0.0,0.0,18.066974950973126,47.5215089393295,156.36294463252702,111.56747858556388,21.613367160079555,61.034103664573706,0.0,0.0,7.773742844435072,20.107156438322363,50.22250576284314,80.46157666364631,76.31718143518114,0.0,0.0,0.0,2.8758561241549803,1.952647069220773,14.888583067456702,11.644208050908507,10.366144801890933,0.0,0.0,0.0,0.06563453816150035,0.31373367959351667,9.330592049234069,7.246068224156936,5.832229130751411,0.0
1591480800-1591739999:0.0,0.0,0.735223812007007,6.586611728986,34.137343579139625,18.31612786383404,7.103152656655944,0.0,0.0,0.0,8.456318483831199,10.849300023890788,37.46848970422857,128.4262080902236,3.79902623065498,91.55115549686055,0.0,0.0,16.667115971617182,19.865019994583363,72.32112984367278,81.2433237177162,7.2144109849819245,0.0,0.0,0.0,8.110915492201867,63.74306320448674,169.16764114817008,140.0219061924616,20.873675792912433,820.3566871571566,0.0,0.0,18.09847830188968,44.45501362091165,252.713726581659,131.30047365592213,24.853928997926175,61.034103664573706,0.0,0.0,4.279633576660672,14.785742381495263,60.710560068422865,75.52310909834208,14.067345640567238,820.3566871571566,0.0,0.0,3.040483919075446,2.61822237179111,14.206579814024954,14.416288197004908,12.6632535261095,0.0,0.0,0.0,0.6652049953969827,0.586550871834729,21.57944726778799,11.624696703025874,2.9161145653757057,51.595796642170754
1591567200-1591826399:0.0,0.0,0.6083344900670233,6.177040552800411,31.70145530385943,7.466324835450501,2.5158519293071837,0.0,0.0,0.0,1.9233779373710267,19.361458834947147,41.22568352027745,124.53669645514506,1.073901114112271,61.034103664573706,0.0,0.0,29.903978361516913,35.156486879777184,141.36477474677653,68.40828342944312,4.019300763472975,0.0,0.0,0.0,19.256335526310547,87.89632421136712,243.73032696158103,120.72617700404028,9.72167581156396,820.3566871571566,0.0,0.0,17.290731194246746,81.78576357344853,285.9028332928992,123.63254714043065,31.1575143945617,30.517051832286853,0.0,0.0,4.425997800708656,20.10142776908866,69.2970004534638,64.81200954133905,8.206311747585708,820.3566871571566,0.0,0.0,2.7328331112691844,5.431823798160496,16.12904968428494,16.519544984201666,7.8589954173347545,0.0,0.0,0.0,0.9835193931029743,0.8144239925105288,11.000961195044141,11.663880570594474,0.0,68.79439552289433
1591653600-1591912799:0.0,0.0,0.5482626830954515,9.474686753000285,31.609705436434908,9.313807499392858,1.3460293754101245,0.0,0.0,0.0,1.669356441007303,38.387949606332555,57.81161406181816,138.5854550667203,6.689172863437696,30.517051832286853,0.0,0.0,29.604367618111432,106.695957290195,151.28715388684253,81.99164800792249,10.430693052610977,0.0,0.0,0.0,18.902277479805058,282.02415494997905,254.15973569481235,149.40930616407388,4.555246320701151,820.3566871571566,0.0,0.0,11.232239169187595,181.69112089770468,318.9215739853935,152.60337620466052,41.05244589905652,0.0,0.0,0.0,5.547549746446523,50.38763736554465,67.4612308799103,56.958014210818256,43.71219682208903,820.3566871571566,0.0,0.0,2.44370067876526,25.541259860141064,20.88061437269535,25.504654333599785,40.80353867867716,0.0,0.0,0.0,0.8522503167799736,20.455502721103443,9.938124933199724,11.935340147710374,0.6124009113243641,68.79439552289433
1591740000-1591999199:0.0,0.0,0.02290047993514792,7.319660940818979,14.819686173180077,11.49991155517867,1.737784585441251,0.0,0.0,0.0,1.3698294176275558,36.854944151927015,48.20185273623024,40.1295804615082,9.510163919925105,0.0,0.0,0.0,29.311827246847276,112.3643880143717,160.62434132830018,73.09138476700146,12.724343416285357,0.0,0.0,0.0,16.914164966042563,261.7410800249401,265.7623140750862,124.88329696552489,14.056743724566836,0.0,0.0,0.0,5.40105378340248,176.35878890407014,296.1533991355407,135.5809341997037,46.32229125872115,0.0,0.0,0.0,3.3813608255704635,47.05686088481032,79.84669633847949,80.19311578535539,108.68070112335285,0.0,0.0,0.0,1.3086445588368223,24.871681369076477,14.79394508659438,15.336643656439698,185.3854960185256,34.39719776144717,0.0,0.0,0.31831439770599157,20.114465935069646,1.4904011971241102,4.338833888858662,23.94131743433001,68.79439552289433
1591826400-1592085599:0.0,0.0,0.02290047993514792,4.004515276932352,23.94133365623264,11.013305163209457,2.1295397954723776,0.0,0.0,0.0,1.223980714629592,33.8678265415466,42.040841215277794,32.255352325390845,7.671196525338258,0.0,0.0,0.0,19.104980661958823,95.20303901185703,92.99605246815185,52.92918716866546,11.308921150782604,34.39719776144717,0.0,0.0,4.955286801750092,248.13652631854566,234.2972606638658,112.08380888594893,15.407793438726177,0.0,0.0,0.0,4.586021246158973,132.30246812791216,277.6865814941548,137.90595467890907,35.66053158935904,0.0,0.0,0.0,2.8862454586438857,37.23524565977323,61.812296443165124,63.49106058822846,76.59176468346604,0.0,0.0,0.0,0.8157641591246125,21.273079465919107,33.394780499573145,10.861922428615967,120.74628164655411,34.39719776144717,0.0,0.0,0.0,20.020712913377675,1.5327958174099587,3.97701822123424,12.276859172827187,34.39719776144717
1591912800-1592171999:0.0,0.0,0.7364375077257387,2.0701994746327026,25.45325827743036,5.419069452310993,1.2725960627860935,0.0,0.0,0.0,0.7020049620762214,13.978954436008145,37.94112157413542,21.624172252938095,10.120800170635714,0.0,0.0,0.0,10.766537772624062,18.91704988932723,114.14055251308518,91.3118181523395,9.955649951603556,34.39719776144717,0.0,0.0,7.557353346486425,64.75619860193176,257.9646889992299,120.97646764150345,37.14014928653459,0.0,0.0,0.0,3.8577865628515178,27.822717041272497,259.68504069402934,114.20032221352427,33.40179983201166,0.0,0.0,0.0,2.182028783110757,10.802293944202358,90.24993025053541,83.94629689254681,47.64092343875716,0.0,0.0,0.0,0.18949976758319612,0.9616132266656222,22.03140669154287,5.121405029145778,122.3244932310475,34.39719776144717,0.0,0.0,0.1312690763230007,0.3327029592350436,1.4477434037297776,5.695460903192391,12.447913044504249,34.39719776144717
1591999200-1592258399:0.0,0.0,0.9645096256489688,2.745683563574808,23.745852845369743,3.8369470690184464,1.2200696448619135,0.0,0.0,0.0,0.7543481445587714,23.03296004541278,34.884396106579395,31.29153856917942,3.495919319473794,0.0,0.0,0.0,9.159113973617927,34.449153945809734,86.53719618773367,77.61154063153174,2.5883398992517703,34.39719776144717,0.0,0.0,6.555038322329123,53.28568490422035,198.0996890628139,136.83997378702693,61.79529605618179,0.0,0.0,0.0,2.7613044751111464,33.6080149452786,191.19927592100967,85.70822543975993,32.236903338259005,57.14838575437789,0.0,0.0,1.1697813870788702,11.94014937469717,68.43450810963772,107.7737504420389,28.197795656310564,0.0,0.0,0.0,0.5430670048695307,4.011335709480262,37.0754791381717,10.936751021192546,42.56455372361398,0.0,0.0,0.0,0.18949976758319612,0.5211059535386695,18.07296855785046,6.917906306786044,0.7834547830014263,0.0
1592085600-1592344799:0.0,0.0,1.149785361067531,9.188895952802369,14.509875051649805,3.086950792308177,0.7060430241498269,0.0,0.0,0.0,0.7839133760106308,95.08778371237524,51.05792841398371,31.538723064141664,5.026921597784704,0.0,0.0,0.0,8.752452624033173,110.87179501298068,245.30912481419938,99.07258168183832,4.122332402931512,0.0,0.0,0.0,6.549661504979726,134.07959353668778,356.88873440954745,178.32645090230363,91.85148766830191,0.0,0.0,0.0,3.4683505927968654,99.09760926192722,338.6394414177497,160.86994525678145,43.546028728148535,57.14838575437789,0.0,0.0,1.4566161434413445,30.43092665367957,64.64541132330696,133.08459415071115,43.33729062235902,0.0,0.0,0.0,0.8947251712296084,26.227739438242576,30.542244528201003,27.18624202099608,76.5103453323273,0.0,0.0,0.0,0.4529333506250372,2.0998099328716817,21.21096472462357,12.987676436694683,0.7834547830014263,0.0
1592172000-1592431199:0.0,0.0,1.1175745689317587,5.622304526041337,10.393809262033587,2.6951584095475933,1.0452718162567736,0.0,0.0,0.0,0.8586087873069638,59.225340575151876,53.61142334918044,36.27718140204245,1.3525161298385193,28.574192877188946,0.0,0.0,4.40356110045444,76.4048590363073,261.59455342114245,86.50657843216635,55.51521534036972,0.0,0.0,0.0,2.964171086511957,110.09090275755139,400.0354977927236,193.9874516208744,239.33384818443218,28.574192877188946,0.0,0.0,1.8557108366695307,95.86309023808157,337.3564680619087,165.75237224139116,294.5697816265426,28.574192877188946,0.0,0.0,1.2680168429665244,21.134126748638003,50.357345842817196,102.91966460095401,55.300806903580934,0.0,0.0,0.0,0.7187615660713128,18.91649203459671,33.36738529354273,19.836974107151033,48.44688133379724,0.0,0.0,0.0,0.3216642743020365,1.1537884332554018,25.46344565847051,6.78524801355512,2.9161145653757057,0.0
1592258400-1592517599:0.0,0.0,1.229315268822743,5.428614931538728,7.5706436310731755,4.46953301557514,1.3423410555428736,0.0,0.0,0.0,1.3857744802615732,47.03452582599717,61.545880041893874,50.56554105495537,8.49142832675992,57.14838575437789,0.0,0.0,3.1470355080731856,181.83018093835457,268.18944272184837,129.18651024141712,56.58097345896465,0.0,0.0,0.0,2.637609291527374,236.20086186739346,412.1440812066139,336.71935036025616,225.7723258957124,57.14838575437789,0.0,0.0,1.4563644546630865,231.34413500349072,380.05663567634826,288.37665814251466,296.4638541799683,0.0,0.0,0.0,0.8826623890830974,97.6710760562876,45.18279056827441,151.30295331537522,38.536728602626425,0.0,0.0,0.0,0.7125094656262888,24.39135615007416,16.143687163831704,49.85370238742373,33.47614911487637,0.0,0.0,0.0,0.5339359190739821,1.2206684110000654,8.949056497790773,37.41905478738459,2.9161145653757057,0.0
1592344800-1592603999:0.0,0.0,0.9805170113249972,1.1729277618984892,47.7496627805685,6.259925177886602,0.6087125914571132,0.0,0.0,0.0,7.108134402709724,2.682715703365316,921.0326550529505,50.988672440526514,13.19454013729318,87.66543758666475,0.0,0.0,5.5730246586976175,139.3673467876574,220.2362496307277,94.05870134065484,54.707752163177965,0.0,0.0,0.0,7.152758998871835,173.31275269037263,332.7217234577967,243.71634482464,216.0771759144513,87.66543758666475,0.0,0.0,5.559972199501084,176.21164429000308,322.3184300885291,217.996397923002,328.2238760255519,30.517051832286853,0.0,0.0,2.009115173982334,90.77422609847474,297.0213261994409,128.0890514061965,41.99117769787753,0.0,0.0,0.0,0.7993984659039151,10.918742119545064,56.819367534539865,34.44264777244791,37.484833878194394,0.0,0.0,0.0,0.5568363990091301,0.198138373701433,49.339348709769105,22.891035144470774,5.832229130751411,0.0
1592431200-1592690399:0.0,0.0,0.2753905240915073,1.5251412228476033,48.51703295238246,5.993815347635026,0.39175521003112657,0.0,0.0,0.0,13.181520809477274,2.882941331940969,944.3980239401291,26.925945489261263,9.46390574113756,30.517051832286853,0.0,0.0,15.347111785788858,145.2015540630955,225.16942488019276,202.30038539053686,3.6247858197995964,0.0,0.0,0.0,17.029053858277507,178.73655775638198,343.7430833960743,195.183795066913,67.43879023480953,30.517051832286853,0.0,0.0,7.219972162642609,185.21934093408265,376.9033782809379,235.45573784515943,54.97449574717278,61.034103664573706,0.0,0.0,9.036419417269759,92.58606675116013,317.42999622694117,156.01724589630928,25.612431604056685,0.0,0.0,0.0,1.4736920137369536,9.376665574564448,53.63964936642973,51.87713374519312,17.33877975427762,0.0,0.0,0.0,0.4542349531183072,0.479679760708444,44.72383124196189,35.15582721141307,5.832229130751411,0.0
1592517600-1592776799:0.0,0.0,0.21451213099367689,0.9260051973352768,61.38226098915645,9.027629374341208,1.2346437577468268,0.0,0.0,0.0,12.379860736511262,7.064777065283777,946.1252479786367,11.344842298476383,11.800882029995948,30.517051832286853,0.0,0.0,17.589958065336557,21.731745938105583,191.59563127213082,176.98845631866925,4.593006834932731,0.0,0.0,0.0,16.724300607985775,39.92028195251867,263.3618950536931,113.32013934023996,57.14319402143407,30.517051832286853,0.0,0.0,6.761339653033583,31.730414137706948,413.74278326240756,131.58222348836298,77.11251838058911,61.034103664573706,0.0,0.0,9.03503606206167,10.871071240508426,319.74477211827326,93.34520956512175,31.068696356543274,0.0,0.0,0.0,1.062228307012348,2.2241370464589614,52.34443863867184,29.890948559296916,45.506530476018526,0.0,0.0,0.0,0.08327337031629835,1.1168149457612766,46.044560160902,16.46111890668987,5.832229130751411,0.0
1592604000-1592863199:0.0,0.0,0.1803116490300693,5.428323472470682,13.119525461608347,8.936225501025337,1.3569151684277867,0.0,0.0,0.0,0.9536513503915021,14.293084417326908,60.21612193666402,15.967546491195685,8.683236765369278,0.0,0.0,0.0,14.64233974647477,38.49653662910363,60.03215644008693,248.6325228022705,4.593006834932731,0.0,0.0,0.0,11.929961948193409,53.57142589167954,101.25176411704005,133.84685729940549,36.58584469211258,0.0,0.0,0.0,3.8857608084267268,47.03441212708293,202.41744742876335,155.26758013205813,57.387679746821604,30.517051832286853,0.0,0.0,7.044650002079703,17.049274590274,48.55175339876439,117.41755490574172,16.478292697725777,0.0,0.0,0.0,0.887086559658076,4.577600497147726,10.718743185300626,46.84189896655274,34.17852369015676,0.0,0.0,0.0,0.2214633920071821,1.2680981599970393,3.58985229507383,27.550835618629602,5.832229130751411,0.0
1592690400-1592949599:0.0,0.0,629.2779349648771,5.2889220884003265,12.927379405933136,6.469497847968033,1.9693160797521507,0.0,0.0,0.0,629.2613298984113,13.812424245417652,39.45406836665641,24.30805283788923,6.691090150343117,0.0,0.0,0.0,634.8836883964684,42.638117554807685,35.49354278255261,81.85277890233236,70.84883618771784,0.0,0.0,0.0,630.693657687179,62.43524924129929,95.33639066236141,82.02252702549939,35.66577838410301,0.0,0.0,0.0,632.5642405309471,47.99628890557578,172.1278131542196,124.5024859952834,62.472320515470905,122.06820732914741,0.0,0.0,629.5002406916284,18.57725612619204,25.41941304699249,57.182327028387604,89.49470521221286,0.0,0.0,0.0,629.7980632574057,5.586520816886942,10.275994750987003,11.920626277720848,48.90434691703729,0.0,0.0,0.0,629.331162372832,0.9270613739632447,4.598100780652321,16.801932058770724,6.444630042075776,0.0
1592776800-1593035999:0.0,0.0,629.1652303571544,4.74409970256987,5.237664591939627,4.821418570851279,1.1014865540482044,0.0,0.0,0.0,629.3372231160045,19.04724082574421,31.978368746728652,40.157212443906175,0.0,0.0,0.0,0.0,635.4470897045032,41.04277992865901,64.61254312822224,99.48877854826165,85.38620486259939,0.0,0.0,0.0,636.4935507487534,55.21842534947656,142.51774300032605,138.30632999614696,25.342460443602405,0.0,0.0,0.0,635.8275843391701,56.09494008470434,157.35013344708375,225.77686562833807,40.38097418690455,122.06820732914741,0.0,0.0,629.3492169155371,22.809725439440967,24.341734972950697,60.664180610957025,103.5869540881363,0.0,0.0,0.0,629.5945532715191,7.068359428554641,21.16957671961911,8.476898059465734,22.096088283793527,0.0,0.0,0.0,629.2664595947343,0.3025664284715255,3.118443495254946,9.78017636415059,6.444630042075776,0.0
1592863200-1593122399:0.0,0.0,629.2904054957111,3.0831698137467543,7.574183126564126,5.0481844244825576,1.1014865540482044,256.0429748778452,0.0,0.0,629.4068668782314,19.68425451907246,35.34054795423663,125.1262167465061,3.677934789173693,0.0,0.0,0.0,638.1896993523847,23.02502649019575,117.66689633298631,82.25505684305718,85.60316224402537,0.0,0.0,0.0,636.6629930132152,50.22483998278424,166.74706179568716,154.17015148813965,26.956670758944274,256.0429748778452,0.0,0.0,633.8525820292863,43.84321348746007,169.8431745107514,246.3738454200401,23.67019239496485,408.6282340392795,0.0,0.0,629.3584721449254,14.514246362567249,43.23083534933789,55.92839267154066,105.3562434716748,256.0429748778452,0.0,0.0,629.1325994607599,6.207502989606498,22.325977051487317,7.082083316588588,39.110105445229834,256.0429748778452,0.0,0.0,629.207544281652,0.6820251380355118,2.1991058600426006,5.377643041083479,7.057030953400139,0.0
1592949600-1593208799:0.0,0.0,0.180706514886275,69.0714767037215,6.511742102714534,7.723612978844759,0.4890856427238403,0.0,0.0,0.0,0.180706514886275,91.53417899350046,28.36315470277588,130.18265379880896,3.677934789173693,0.0,0.0,0.0,6.5654668384448875,88.58512785167648,101.43474181967419,49.96844374506939,17.727087538693176,0.0,0.0,0.0,6.999860611425438,111.7864624174971,121.72462216685986,143.54330618356718,41.63486688051792,30.517051832286853,0.0,0.0,4.7121888946849575,70.37590605116341,145.20749770683105,194.11380168009921,4.641380386520393,30.517051832286853,0.0,0.0,0.17489898423502837,13.166283208472892,56.182951487117556,42.0687878034967,45.05807061681334,0.0,0.0,0.0,0.02290047993514792,5.4023110295431245,22.659933331617598,6.367861584513316,56.451105055356535,30.517051832286853,0.0,0.0,0.09784530082715294,1.476691578524159,2.838874085180761,9.785802003540734,15.499174193865075,0.0
1593036000-1593295199:0.0,0.0,0.12517513855665055,69.87731981912546,5.138614057044177,7.3844327004549495,0.3668142320428802,0.0,0.0,0.0,0.12517513855665055,92.7083322261787,20.638793806773858,102.68987894982571,3.677934789173693,0.0,0.0,0.0,4.84476818558054,147.11658478534855,77.73404881584156,26.528514434796627,0.6508721442779598,0.0,0.0,0.0,3.7529066122238954,176.59035643277048,70.5031301250313,77.77010167617247,36.788988997479905,45.77557774843028,0.0,0.0,4.031179305116565,98.50232227741654,97.77278802919905,88.35771425582254,0.5734125909185951,45.77557774843028,0.0,0.0,0.05553137632962446,8.724251119649926,65.1214630327721,33.782582085712896,34.357060348018926,0.0,0.0,0.0,0.0,2.9947373576699694,14.21547356644163,5.868429380048697,55.482905479766465,45.77557774843028,0.0,0.0,0.0,2.2713580190128067,2.9096565275410926,12.413801214782113,16.41777556085162,0.0
1593122400-1593381599:0.0,0.0,0.0,66.91755086853603,0.08808208894232132,3.292302256410151,0.0,0.0,0.0,0.0,0.0,83.27627691246582,0.6562484928816368,13.60547275385085,0.0,0.0,0.0,0.0,0.2625195098165073,143.330235394524,5.266882896319325,11.625298246631335,0.6508721442779598,0.0,0.0,0.0,0.11106275265924892,143.9822811987741,12.283743751152947,38.03897720017685,34.54672544531873,91.55115549686056,0.0,0.0,0.7273065221462599,78.82873733255886,39.5183487873537,32.012255121343586,0.0,0.0,0.0,0.0,0.05553137632962446,7.177138119028216,38.26667960027177,9.709412513478805,62.881891565286445,0.0,0.0,0.0,0.0,1.715888329495993,3.468970630407607,3.411120078685686,67.08903429460858,91.55115549686056,0.0,0.0,0.0,1.5893328809772946,2.341687421009226,12.192492474276918,23.328916523005645,0.0
